name,GW,position,value,strength_difference,attack_strength_difference,defence_strength_difference,was_home,ict_index_ewma,minutes_ewma,total_points_ewma,total_points
Aaron Hickey,1,DEF,40,0.0,-100.0,140.0,0,0.0,0.0,0.0,0
Aaron Hickey,2,DEF,40,0.0,-220.0,-40.0,1,0.2,2.0,0.0,1
Aaron Hickey,3,DEF,40,1.0,30.0,240.0,0,0.2666666666666667,5.0,0.3333333333333333,0
Aaron Ramsdale,1,GK,50,1.0,30.0,210.0,0,0.0,0.0,0.0,0
Aaron Ramsdale,2,GK,50,-1.0,-250.0,-90.0,1,0.0,0.0,0.0,0
Aaron Ramsdale,3,GK,50,2.0,120.0,270.0,0,0.0,0.0,0.0,0
Aaron Ramsey,1,MID,45,-1.0,-110.0,-50.0,0,0.0,0.0,0.0,0
Aaron Ramsey,2,MID,45,0.0,0.0,0.0,1,0.0,0.0,0.0,0
Aaron Ramsey,3,MID,45,-1.0,-50.0,-60.0,0,0.0,0.0,0.0,0
Aaron Wan-Bissaka,1,DEF,45,1.0,50.0,50.0,0,0.0,0.0,0.0,1
Aaron Wan-Bissaka,2,DEF,45,-1.0,-200.0,-90.0,1,5.1,90.0,1.0,0
Aaron Wan-Bissaka,3,DEF,44,0.0,-80.0,-50.0,0,4.633333333333334,90.0,0.6666666666666667,0
Aarón Anselmino,1,DEF,40,1.0,-40.0,90.0,1,0.0,0.0,0.0,0
Aarón Anselmino,2,DEF,40,1.0,90.0,200.0,0,0.0,0.0,0.0,0
Aarón Anselmino,3,DEF,40,1.0,30.0,90.0,1,0.0,0.0,0.0,0
Abdallah Sima,1,MID,55,0.0,-30.0,80.0,1,0.0,0.0,0.0,0
Abdallah Sima,2,MID,55,0.0,80.0,70.0,0,0.0,0.0,0.0,0
Abdallah Sima,3,MID,54,-1.0,-290.0,-40.0,1,0.0,0.0,0.0,0
Abdoullah Ba,1,MID,45,-1.0,-50.0,-50.0,1,0.0,0.0,0.0,0
Abdoullah Ba,2,MID,45,0.0,0.0,0.0,0,0.0,0.0,0.0,0
Abdoullah Ba,3,MID,45,-1.0,-240.0,-30.0,1,0.0,0.0,0.0,0
Abdukodir Khusanov,1,DEF,55,1.0,130.0,300.0,0,0.0,0.0,0.0,1
Abdukodir Khusanov,2,DEF,55,1.0,0.0,200.0,1,0.4,8.0,1.0,0
Abdukodir Khusanov,3,DEF,54,1.0,40.0,290.0,0,0.2666666666666667,5.333333333333334,0.6666666666666667,1
Adam Aznou,1,DEF,45,1.0,90.0,40.0,0,0.0,0.0,0.0,0
Adam Aznou,2,DEF,45,0.0,-70.0,-80.0,1,0.0,0.0,0.0,0
Adam Aznou,3,DEF,44,0.0,20.0,10.0,0,0.0,0.0,0.0,0
Adam Smith,1,DEF,45,-2.0,-220.0,-90.0,0,0.0,0.0,0.0,1
Adam Smith,2,DEF,45,0.0,-50.0,100.0,1,2.7,89.0,1.0,6
Adam Smith,3,DEF,45,0.0,0.0,100.0,0,2.1,89.33333333333334,2.666666666666667,1
Adam Webster,1,DEF,45,0.0,-30.0,80.0,1,0.0,0.0,0.0,0
Adam Webster,2,DEF,45,0.0,80.0,70.0,0,0.0,0.0,0.0,0
Adam Webster,3,DEF,44,-1.0,-290.0,-40.0,1,0.0,0.0,0.0,0
Adam Wharton,1,MID,50,-1.0,-90.0,40.0,0,0.0,0.0,0.0,3
Adam Wharton,2,MID,50,0.0,-60.0,-70.0,1,3.7,90.0,3.0,2
Adam Wharton,3,MID,50,0.0,-10.0,80.0,0,3.4000000000000004,87.0,2.6666666666666665,1
Adama Traoré Diarra,1,MID,55,0.0,-80.0,30.0,0,0.0,0.0,0.0,1
Adama Traoré Diarra,2,MID,55,0.0,-10.0,10.0,1,0.0,24.0,1.0,0
Adama Traoré Diarra,3,MID,54,-1.0,-90.0,-30.0,0,0.0,16.0,0.6666666666666667,1
Adrian Mazilu,1,MID,45,0.0,-30.0,80.0,1,0.0,0.0,0.0,0
Adrian Mazilu,2,MID,45,0.0,80.0,70.0,0,0.0,0.0,0.0,0
Adrian Mazilu,3,MID,45,-1.0,-290.0,-40.0,1,0.0,0.0,0.0,0
Adrien Truffert,1,DEF,45,-2.0,-220.0,-90.0,0,0.0,0.0,0.0,0
Adrien Truffert,2,DEF,45,0.0,-50.0,100.0,1,3.7,90.0,0.0,6
Adrien Truffert,3,DEF,45,0.0,0.0,100.0,0,3.9000000000000004,90.0,2.0,7
Ahmed Abdullahi,1,FWD,45,-1.0,-50.0,-50.0,1,0.0,0.0,0.0,0
Ahmed Abdullahi,2,FWD,45,0.0,0.0,0.0,0,0.0,0.0,0.0,0
Ahmed Abdullahi,3,FWD,45,-1.0,-240.0,-30.0,1,0.0,0.0,0.0,0
Aji Alese,1,DEF,40,-1.0,-50.0,-50.0,1,0.0,0.0,0.0,0
Aji Alese,2,DEF,40,0.0,0.0,0.0,0,0.0,0.0,0.0,0
Aji Alese,3,DEF,40,-1.0,-240.0,-30.0,1,0.0,0.0,0.0,0
Alan Browne,1,MID,45,-1.0,-50.0,-50.0,1,0.0,0.0,0.0,0
Alan Browne,2,MID,45,0.0,0.0,0.0,0,0.0,0.0,0.0,0
Alan Browne,3,MID,45,-1.0,-240.0,-30.0,1,0.0,0.0,0.0,0
Albert Sambi Lokonga,1,MID,45,1.0,250.0,190.0,0,0.0,0.0,0.0,0
Albert Sambi Lokonga,2,MID,45,2.0,250.0,240.0,1,0.0,0.0,0.0,0
Albert Sambi Lokonga,3,MID,45,-1.0,-30.0,10.0,0,0.0,0.0,0.0,0
Alejandro Garnacho Ferreyra,1,MID,65,-1.0,-190.0,-250.0,1,0.0,0.0,0.0,0
Alejandro Garnacho Ferreyra,2,MID,65,0.0,-10.0,10.0,0,0.0,0.0,0.0,0
Alejandro Garnacho Ferreyra,3,MID,64,1.0,60.0,50.0,1,0.0,0.0,0.0,0
Alex Cairns,1,GK,40,-1.0,-40.0,-90.0,1,0.0,0.0,0.0,0
Alex Cairns,2,GK,40,-2.0,-240.0,-250.0,0,0.0,0.0,0.0,0
Alex Cairns,3,GK,40,-2.0,-270.0,-120.0,1,0.0,0.0,0.0,0
Alex Iwobi,1,MID,65,0.0,-80.0,30.0,0,0.0,0.0,0.0,2
Alex Iwobi,2,MID,65,0.0,-10.0,10.0,1,5.1,65.0,2.0,7
Alex Iwobi,3,MID,65,-1.0,-90.0,-30.0,0,5.533333333333333,73.33333333333334,3.6666666666666665,1
Alex Murphy,1,DEF,40,1.0,30.0,210.0,0,0.0,0.0,0.0,0
Alex Murphy,2,DEF,40,-1.0,-250.0,-90.0,1,0.0,0.0,0.0,0
Alex Murphy,3,DEF,40,2.0,120.0,270.0,0,0.0,0.0,0.0,0
Alex Paulsen,1,GK,40,-2.0,-220.0,-90.0,0,0.0,0.0,0.0,0
Alex Paulsen,2,GK,40,0.0,-50.0,100.0,1,0.0,0.0,0.0,0
Alex Paulsen,3,GK,40,0.0,0.0,100.0,0,0.0,0.0,0.0,0
Alex Scott,1,MID,50,-2.0,-220.0,-90.0,0,0.0,0.0,0.0,2
Alex Scott,2,MID,50,0.0,-50.0,100.0,1,0.6,73.0,2.0,2
Alex Scott,3,MID,50,0.0,0.0,100.0,0,1.2666666666666666,70.33333333333334,2.0,3
Alexander Isak,1,FWD,105,1.0,30.0,210.0,0,0.0,0.0,0.0,0
Alexander Isak,2,FWD,104,-1.0,-250.0,-90.0,1,0.0,0.0,0.0,0
Alexander Isak,3,FWD,104,2.0,120.0,270.0,0,0.0,0.0,0.0,0
Alexis Mac Allister,1,MID,65,2.0,90.0,220.0,1,0.0,0.0,0.0,5
Alexis Mac Allister,2,MID,65,1.0,90.0,250.0,0,5.4,71.0,5.0,0
Alexis Mac Allister,3,MID,65,1.0,-10.0,30.0,1,3.6000000000000005,47.333333333333336,3.333333333333334,3
Alfie Pond,1,DEF,40,-1.0,-300.0,-130.0,1,0.0,0.0,0.0,0
Alfie Pond,2,DEF,40,0.0,-100.0,50.0,0,0.0,0.0,0.0,0
Alfie Pond,3,DEF,40,0.0,-10.0,-20.0,1,0.0,0.0,0.0,0
Alisson Becker,1,GK,55,2.0,90.0,220.0,1,0.0,0.0,0.0,1
Alisson Becker,2,GK,55,1.0,90.0,250.0,0,1.4,90.0,1.0,1
Alisson Becker,3,GK,55,1.0,-10.0,30.0,1,1.4,90.0,1.0,8
Alphonse Areola,1,GK,45,1.0,50.0,50.0,0,0.0,0.0,0.0,0
Alphonse Areola,2,GK,45,-1.0,-200.0,-90.0,1,0.0,0.0,0.0,0
Alphonse Areola,3,GK,44,0.0,-80.0,-50.0,0,0.0,0.0,0.0,0
Altay Bayındır,1,GK,50,-1.0,-190.0,-250.0,1,0.0,0.0,0.0,2
Altay Bayındır,2,GK,50,0.0,-10.0,10.0,0,1.3,90.0,2.0,2
Altay Bayındır,3,GK,50,1.0,60.0,50.0,1,1.7333333333333334,90.0,2.0,1
Amad Diallo,1,MID,65,-1.0,-190.0,-250.0,1,0.0,0.0,0.0,1
Amad Diallo,2,MID,65,0.0,-10.0,10.0,0,4.5,35.0,1.0,1
Amad Diallo,3,MID,64,1.0,60.0,50.0,1,4.233333333333334,40.333333333333336,1.0,5
Amadou Onana,1,MID,50,-1.0,-210.0,-30.0,1,0.0,0.0,0.0,5
Amadou Onana,2,MID,50,0.0,40.0,220.0,0,2.2,90.0,5.0,1
Amadou Onana,3,MID,50,0.0,-80.0,10.0,1,2.6000000000000005,81.0,3.6666666666666674,0
Amara Nallo,1,DEF,40,2.0,90.0,220.0,1,0.0,0.0,0.0,0
Amara Nallo,2,DEF,40,1.0,90.0,250.0,0,0.0,0.0,0.0,0
Amara Nallo,3,DEF,40,1.0,-10.0,30.0,1,0.0,0.0,0.0,0
Amine Adli,2,MID,55,0.0,-50.0,100.0,1,0.0,0.0,0.0,1
Amine Adli,3,MID,55,0.0,0.0,100.0,0,2.7,24.0,1.0,1
Andre Harriman-Annous,3,MID,45,-1.0,-30.0,10.0,0,0.0,0.0,0.0,0
Andreas Hoelgebaum Pereira,1,MID,55,0.0,-80.0,30.0,0,0.0,0.0,0.0,0
Andreas Hoelgebaum Pereira,2,MID,54,0.0,-10.0,10.0,1,0.0,0.0,0.0,0
Andreas Hoelgebaum Pereira,3,MID,54,-1.0,-90.0,-30.0,0,0.0,0.0,0.0,0
Andrew Moran,1,MID,45,0.0,-30.0,80.0,1,0.0,0.0,0.0,0
Andrew Moran,2,MID,45,0.0,80.0,70.0,0,0.0,0.0,0.0,0
Andrew Moran,3,MID,45,-1.0,-290.0,-40.0,1,0.0,0.0,0.0,0
Andrew Robertson,1,DEF,60,2.0,90.0,220.0,1,0.0,0.0,0.0,0
Andrew Robertson,2,DEF,60,1.0,90.0,250.0,0,1.2,30.0,0.0,0
Andrew Robertson,3,DEF,59,1.0,-10.0,30.0,1,0.8,20.000000000000004,0.0,0
Andrey Nascimento dos Santos,1,MID,45,1.0,-40.0,90.0,1,0.0,0.0,0.0,1
Andrey Nascimento dos Santos,2,MID,45,1.0,90.0,200.0,0,2.2,11.0,1.0,1
Andrey Nascimento dos Santos,3,MID,45,1.0,30.0,90.0,1,2.066666666666667,16.666666666666664,1.0,0
André Onana,1,GK,50,-1.0,-190.0,-250.0,1,0.0,0.0,0.0,0
André Onana,2,GK,50,0.0,-10.0,10.0,0,0.0,0.0,0.0,0
André Onana,3,GK,50,1.0,60.0,50.0,1,0.0,0.0,0.0,0
André Trindade da Costa Neto,1,MID,55,-1.0,-300.0,-130.0,1,0.0,0.0,0.0,4
André Trindade da Costa Neto,2,MID,55,0.0,-100.0,50.0,0,1.7,71.0,4.0,1
André Trindade da Costa Neto,3,MID,55,0.0,-10.0,-20.0,1,1.4666666666666668,62.333333333333336,3.0000000000000004,2
Andrés García,1,DEF,40,-1.0,-210.0,-30.0,1,0.0,0.0,0.0,0
Andrés García,2,DEF,40,0.0,40.0,220.0,0,0.0,0.0,0.0,0
Andrés García,3,DEF,40,0.0,-80.0,10.0,1,0.0,0.0,0.0,0
Andy Irving,1,MID,45,1.0,50.0,50.0,0,0.0,0.0,0.0,1
Andy Irving,2,MID,45,-1.0,-200.0,-90.0,1,1.9,8.0,1.0,0
Andy Irving,3,MID,45,0.0,-80.0,-50.0,0,1.2666666666666668,5.333333333333334,0.6666666666666667,1
Angus Gunn,1,GK,40,0.0,-140.0,100.0,1,0.0,0.0,0.0,0
Angus Gunn,2,GK,40,0.0,70.0,60.0,0,0.0,0.0,0.0,0
Angus Gunn,3,GK,40,0.0,50.0,80.0,1,0.0,0.0,0.0,0
Anthony Elanga,1,MID,70,1.0,30.0,210.0,0,0.0,0.0,0.0,3
Anthony Elanga,2,MID,70,-1.0,-250.0,-90.0,1,6.5,77.0,3.0,2
Anthony Elanga,3,MID,70,2.0,120.0,270.0,0,5.366666666666667,81.33333333333334,2.6666666666666665,1
Anthony Gordon,1,MID,75,1.0,30.0,210.0,0,0.0,0.0,0.0,3
Anthony Gordon,2,MID,75,-1.0,-250.0,-90.0,1,5.9,90.0,3.0,-2
Anthony Gordon,3,MID,75,2.0,120.0,270.0,0,5.733333333333334,75.66666666666667,1.3333333333333335,0
Anthony Patterson,1,GK,45,-1.0,-50.0,-50.0,1,0.0,0.0,0.0,0
Anthony Patterson,2,GK,45,0.0,0.0,0.0,0,0.0,0.0,0.0,0
Anthony Patterson,3,GK,45,-1.0,-240.0,-30.0,1,0.0,0.0,0.0,0
Antoine Semenyo,1,MID,70,-2.0,-220.0,-90.0,0,0.0,0.0,0.0,15
Antoine Semenyo,2,MID,71,0.0,-50.0,100.0,1,10.0,90.0,15.0,6
Antoine Semenyo,3,MID,73,0.0,0.0,100.0,0,10.033333333333335,90.0,12.000000000000002,2
Anton Stach,1,MID,50,-1.0,-40.0,-90.0,1,0.0,0.0,0.0,8
Anton Stach,2,MID,50,-2.0,-240.0,-250.0,0,11.4,90.0,8.0,2
Anton Stach,3,MID,50,-2.0,-270.0,-120.0,1,8.866666666666667,90.0,6.000000000000001,3
Antonee Robinson,1,DEF,50,0.0,-80.0,30.0,0,0.0,0.0,0.0,0
Antonee Robinson,2,DEF,50,0.0,-10.0,10.0,1,0.0,0.0,0.0,1
Antonee Robinson,3,DEF,50,-1.0,-90.0,-30.0,0,0.8333333333333333,9.333333333333332,0.3333333333333333,1
Antoni Milambo,1,MID,55,0.0,-100.0,140.0,0,0.0,0.0,0.0,1
Antoni Milambo,2,MID,55,0.0,-220.0,-40.0,1,0.6,45.0,1.0,0
Antoni Milambo,3,MID,54,1.0,30.0,240.0,0,0.4,30.000000000000004,0.6666666666666667,0
Antony dos Santos,1,MID,60,-1.0,-190.0,-250.0,1,0.0,0.0,0.0,0
Antony dos Santos,2,MID,60,0.0,-10.0,10.0,0,0.0,0.0,0.0,0
Antony dos Santos,3,MID,59,1.0,60.0,50.0,1,0.0,0.0,0.0,0
Antonín Kinský,1,GK,40,1.0,50.0,110.0,1,0.0,0.0,0.0,0
Antonín Kinský,2,GK,40,-1.0,-200.0,0.0,0,0.0,0.0,0.0,0
Antonín Kinský,3,GK,40,0.0,-100.0,0.0,1,0.0,0.0,0.0,0
Antoñito Cordero Campillo,1,MID,50,1.0,30.0,210.0,0,0.0,0.0,0.0,0
Antoñito Cordero Campillo,2,MID,50,-1.0,-250.0,-90.0,1,0.0,0.0,0.0,0
Antoñito Cordero Campillo,3,MID,50,2.0,120.0,270.0,0,0.0,0.0,0.0,0
Archie Gray,1,MID,50,1.0,50.0,110.0,1,0.0,0.0,0.0,3
Archie Gray,2,MID,50,-1.0,-200.0,0.0,0,0.9,70.0,3.0,0
Archie Gray,3,MID,50,0.0,-100.0,0.0,1,0.6000000000000001,46.66666666666667,2.0,0
Armando Broja,1,FWD,55,-1.0,-110.0,-50.0,0,0.0,0.0,0.0,0
Armando Broja,2,FWD,55,0.0,0.0,0.0,1,0.0,0.0,0.0,0
Armando Broja,3,FWD,54,-1.0,-50.0,-60.0,0,0.0,0.0,0.0,0
Arnaud Kalimuendo,2,FWD,60,0.0,70.0,60.0,0,0.0,0.0,0.0,1
Arnaud Kalimuendo,3,FWD,60,0.0,50.0,80.0,1,0.3,19.0,1.0,1
Arthur Masuaku,1,DEF,40,-1.0,-50.0,-50.0,1,0.0,0.0,0.0,0
Arthur Masuaku,2,DEF,40,0.0,0.0,0.0,0,0.0,0.0,0.0,0
Arthur Masuaku,3,DEF,40,-1.0,-240.0,-30.0,1,0.0,0.0,0.0,0
Asher Agbinone,1,MID,45,-1.0,-90.0,40.0,0,0.0,0.0,0.0,0
Asher Agbinone,2,MID,45,0.0,-60.0,-70.0,1,0.0,0.0,0.0,0
Asher Agbinone,3,MID,45,0.0,-10.0,80.0,0,0.0,0.0,0.0,0
Ashley Barnes,1,FWD,45,-1.0,-110.0,-50.0,0,0.0,0.0,0.0,0
Ashley Barnes,2,FWD,45,0.0,0.0,0.0,1,0.0,0.0,0.0,0
Ashley Barnes,3,FWD,45,-1.0,-50.0,-60.0,0,0.0,0.0,0.0,0
Ashley Phillips,1,DEF,40,1.0,50.0,110.0,1,0.0,0.0,0.0,0
Ashley Phillips,2,DEF,40,-1.0,-200.0,0.0,0,0.0,0.0,0.0,0
Ashley Phillips,3,DEF,40,0.0,-100.0,0.0,1,0.0,0.0,0.0,0
Axel Tuanzebe,1,DEF,40,-1.0,-110.0,-50.0,0,0.0,0.0,0.0,0
Axel Tuanzebe,2,DEF,40,0.0,0.0,0.0,1,0.0,0.0,0.0,0
Axel Tuanzebe,3,DEF,40,-1.0,-50.0,-60.0,0,0.0,0.0,0.0,0
Ayden Heaven,1,DEF,40,-1.0,-190.0,-250.0,1,0.0,0.0,0.0,0
Ayden Heaven,2,DEF,40,0.0,-10.0,10.0,0,0.0,0.0,0.0,1
Ayden Heaven,3,DEF,40,1.0,60.0,50.0,1,0.06666666666666667,1.0,0.3333333333333333,0
Bafodé Diakité,1,DEF,45,-2.0,-220.0,-90.0,0,0.0,0.0,0.0,0
Bafodé Diakité,2,DEF,45,0.0,-50.0,100.0,1,1.5,90.0,0.0,10
Bafodé Diakité,3,DEF,45,0.0,0.0,100.0,0,1.7333333333333334,90.0,3.333333333333333,6
Bart Verbruggen,1,GK,45,0.0,-30.0,80.0,1,0.0,0.0,0.0,2
Bart Verbruggen,2,GK,45,0.0,80.0,70.0,0,1.4,90.0,2.0,1
Bart Verbruggen,3,GK,45,-1.0,-290.0,-40.0,1,1.6,90.0,1.6666666666666667,2
Bashir Humphreys,1,DEF,40,-1.0,-110.0,-50.0,0,0.0,0.0,0.0,0
Bashir Humphreys,2,DEF,40,0.0,0.0,0.0,1,0.0,0.0,0.0,0
Bashir Humphreys,3,DEF,40,-1.0,-50.0,-60.0,0,0.0,0.0,0.0,0
Bastien Meupiyou Menadjou,1,DEF,40,-1.0,-300.0,-130.0,1,0.0,0.0,0.0,0
Bastien Meupiyou Menadjou,2,DEF,40,0.0,-100.0,50.0,0,0.0,0.0,0.0,0
Bastien Meupiyou Menadjou,3,DEF,40,0.0,-10.0,-20.0,1,0.0,0.0,0.0,0
Ben Broggio,1,MID,45,-1.0,-210.0,-30.0,1,0.0,0.0,0.0,0
Ben Broggio,2,MID,45,0.0,40.0,220.0,0,0.0,0.0,0.0,0
Ben Broggio,3,MID,45,0.0,-80.0,10.0,1,0.0,0.0,0.0,0
Ben Davies,1,DEF,45,1.0,50.0,110.0,1,0.0,0.0,0.0,0
Ben Davies,2,DEF,45,-1.0,-200.0,0.0,0,0.0,0.0,0.0,0
Ben Davies,3,DEF,45,0.0,-100.0,0.0,1,0.0,0.0,0.0,0
Ben Doak,1,MID,50,2.0,90.0,220.0,1,0.0,0.0,0.0,0
Ben Gannon-Doak,2,MID,50,0.0,-50.0,100.0,1,0.0,0.0,0.0,0
Ben Gannon-Doak,3,MID,50,0.0,0.0,100.0,0,0.0,0.0,0.0,0
Ben Winterburn,1,MID,45,-2.0,-220.0,-90.0,0,0.0,0.0,0.0,1
Ben Winterburn,2,MID,45,0.0,-50.0,100.0,1,0.0,6.0,1.0,0
Ben Winterburn,3,MID,45,0.0,0.0,100.0,0,0.0,4.0,0.6666666666666667,0
Benjamin Arthur,1,DEF,40,0.0,-100.0,140.0,0,0.0,0.0,0.0,0
Benjamin Arthur,2,DEF,40,0.0,-220.0,-40.0,1,0.0,0.0,0.0,0
Benjamin Arthur,3,DEF,40,1.0,30.0,240.0,0,0.0,0.0,0.0,0
Benjamin Fredrick,1,DEF,40,0.0,-100.0,140.0,0,0.0,0.0,0.0,0
Benjamin Fredrick,2,DEF,40,0.0,-220.0,-40.0,1,0.0,0.0,0.0,0
Benjamin Fredrick,3,DEF,40,1.0,30.0,240.0,0,0.0,0.0,0.0,0
Benjamin Lecomte,1,GK,40,0.0,-80.0,30.0,0,0.0,0.0,0.0,0
Benjamin Lecomte,2,GK,40,0.0,-10.0,10.0,1,0.0,0.0,0.0,0
Benjamin Lecomte,3,GK,40,-1.0,-90.0,-30.0,0,0.0,0.0,0.0,0
Benjamin Sesko,1,FWD,75,-1.0,-190.0,-250.0,1,0.0,0.0,0.0,1
Benjamin Sesko,2,FWD,75,0.0,-10.0,10.0,0,3.2,25.0,1.0,1
Benjamin Sesko,3,FWD,75,1.0,60.0,50.0,1,2.3000000000000003,29.0,1.0,1
Benjamin White,1,DEF,55,1.0,250.0,190.0,0,0.0,0.0,0.0,6
Benjamin White,2,DEF,55,2.0,250.0,240.0,1,2.8,70.0,6.0,0
Benjamin White,3,DEF,55,-1.0,-30.0,10.0,0,1.8666666666666667,46.66666666666667,4.0,0
Benoît Badiashile Mukinayi,1,DEF,45,1.0,-40.0,90.0,1,0.0,0.0,0.0,0
Benoît Badiashile Mukinayi,2,DEF,45,1.0,90.0,200.0,0,0.0,0.0,0.0,0
Benoît Badiashile Mukinayi,3,DEF,44,1.0,30.0,90.0,1,0.0,0.0,0.0,0
Bernardo Mota Veiga de Carvalho e Silva,1,MID,65,1.0,130.0,300.0,0,0.0,0.0,0.0,3
Bernardo Mota Veiga de Carvalho e Silva,2,MID,65,1.0,0.0,200.0,1,8.8,65.0,3.0,1
Bernardo Mota Veiga de Carvalho e Silva,3,MID,64,1.0,40.0,290.0,0,6.200000000000001,55.333333333333336,2.3333333333333335,2
Bernd Leno,1,GK,50,0.0,-80.0,30.0,0,0.0,0.0,0.0,3
Bernd Leno,2,GK,50,0.0,-10.0,10.0,1,2.4,90.0,3.0,3
Bernd Leno,3,GK,50,-1.0,-90.0,-30.0,0,2.3666666666666667,90.0,3.0,2
Blondy Nna Noukeu,1,GK,40,-1.0,-50.0,-50.0,1,0.0,0.0,0.0,0
Blondy Nna Noukeu,2,GK,40,0.0,0.0,0.0,0,0.0,0.0,0.0,0
Blondy Nna Noukeu,3,GK,40,-1.0,-240.0,-30.0,1,0.0,0.0,0.0,0
Borna Sosa,1,DEF,50,-1.0,-90.0,40.0,0,0.0,0.0,0.0,0
Borna Sosa,2,DEF,50,0.0,-60.0,-70.0,1,0.0,0.0,0.0,0
Borna Sosa,3,DEF,50,0.0,-10.0,80.0,0,0.0,0.0,0.0,0
Boubacar Kamara,1,MID,50,-1.0,-210.0,-30.0,1,0.0,0.0,0.0,2
Boubacar Kamara,2,MID,50,0.0,40.0,220.0,0,3.3,90.0,2.0,1
Boubacar Kamara,3,MID,49,0.0,-80.0,10.0,1,2.3333333333333335,65.0,1.6666666666666667,0
Boubacar Traoré,1,MID,50,-1.0,-300.0,-130.0,1,0.0,0.0,0.0,0
Boubacar Traoré,2,MID,50,0.0,-100.0,50.0,0,0.0,0.0,0.0,0
Boubacar Traoré,3,MID,50,0.0,-10.0,-20.0,1,0.0,0.0,0.0,0
Bradley Burrowes,2,MID,45,0.0,40.0,220.0,0,0.0,0.0,0.0,0
Bradley Burrowes,3,MID,45,0.0,-80.0,10.0,1,0.0,0.0,0.0,1
Brajan Gruda,1,MID,55,0.0,-30.0,80.0,1,0.0,0.0,0.0,1
Brajan Gruda,2,MID,55,0.0,80.0,70.0,0,0.5,7.0,1.0,1
Brajan Gruda,3,MID,54,-1.0,-290.0,-40.0,1,0.5,6.333333333333334,1.0,8
Brandon Austin,1,GK,40,1.0,50.0,110.0,1,0.0,0.0,0.0,0
Brandon Austin,2,GK,40,-1.0,-200.0,0.0,0,0.0,0.0,0.0,0
Brandon Austin,3,GK,40,0.0,-100.0,0.0,1,0.0,0.0,0.0,0
Brayden Clarke,1,DEF,40,1.0,250.0,190.0,0,0.0,0.0,0.0,0
Brayden Clarke,2,DEF,40,2.0,250.0,240.0,1,0.0,0.0,0.0,0
Brayden Clarke,3,DEF,40,-1.0,-30.0,10.0,0,0.0,0.0,0.0,0
Brenden Aaronson,1,MID,55,-1.0,-40.0,-90.0,1,0.0,0.0,0.0,1
Brenden Aaronson,2,MID,55,-2.0,-240.0,-250.0,0,4.0,23.0,1.0,1
Brenden Aaronson,3,MID,54,-2.0,-270.0,-120.0,1,2.766666666666667,23.333333333333336,1.0,1
Brennan Johnson,1,MID,70,1.0,50.0,110.0,1,0.0,0.0,0.0,8
Brennan Johnson,2,MID,70,-1.0,-200.0,0.0,0,8.8,79.0,8.0,9
Brennan Johnson,3,MID,71,0.0,-100.0,0.0,1,8.533333333333335,78.33333333333334,8.333333333333334,1
Bruno Borges Fernandes,1,MID,90,-1.0,-190.0,-250.0,1,0.0,0.0,0.0,2
Bruno Borges Fernandes,2,MID,90,0.0,-10.0,10.0,0,10.0,90.0,2.0,2
Bruno Borges Fernandes,3,MID,90,1.0,60.0,50.0,1,8.366666666666667,90.0,2.0,10
Bruno Guimarães Rodriguez Moura,1,MID,65,1.0,30.0,210.0,0,0.0,0.0,0.0,3
Bruno Guimarães Rodriguez Moura,2,MID,65,-1.0,-250.0,-90.0,1,3.2,90.0,3.0,6
Bruno Guimarães Rodriguez Moura,3,MID,65,2.0,120.0,270.0,0,4.2,90.0,4.0,3
Bryan Gil Salvatierra,1,MID,50,1.0,50.0,110.0,1,0.0,0.0,0.0,0
Bryan Gil Salvatierra,2,MID,50,-1.0,-200.0,0.0,0,0.0,0.0,0.0,0
Bryan Gil Salvatierra,3,MID,49,0.0,-100.0,0.0,1,0.0,0.0,0.0,0
Bryan Mbeumo,1,MID,80,-1.0,-190.0,-250.0,1,0.0,0.0,0.0,2
Bryan Mbeumo,2,MID,80,0.0,-10.0,10.0,0,8.1,90.0,2.0,2
Bryan Mbeumo,3,MID,80,1.0,60.0,50.0,1,7.333333333333334,90.0,2.0,10
Bukayo Saka,1,MID,100,1.0,250.0,190.0,0,0.0,0.0,0.0,3
Bukayo Saka,2,MID,100,2.0,250.0,240.0,1,3.5,90.0,3.0,6
Bukayo Saka,3,MID,99,-1.0,-30.0,10.0,0,5.4,77.33333333333334,4.0,0
Caleb Kporha,1,DEF,40,-1.0,-90.0,40.0,0,0.0,0.0,0.0,0
Caleb Kporha,2,DEF,40,0.0,-60.0,-70.0,1,0.0,0.0,0.0,0
Caleb Kporha,3,DEF,40,0.0,-10.0,80.0,0,0.0,0.0,0.0,0
Callan McKenna,1,GK,40,-2.0,-220.0,-90.0,0,0.0,0.0,0.0,0
Callan McKenna,2,GK,40,0.0,-50.0,100.0,1,0.0,0.0,0.0,0
Callan McKenna,3,GK,40,0.0,0.0,100.0,0,0.0,0.0,0.0,0
Callum Bates,1,MID,45,1.0,90.0,40.0,0,0.0,0.0,0.0,0
Callum Bates,2,MID,45,0.0,-70.0,-80.0,1,0.0,0.0,0.0,0
Callum Bates,3,MID,45,0.0,20.0,10.0,0,0.0,0.0,0.0,0
Callum Hudson-Odoi,1,MID,60,0.0,-140.0,100.0,1,0.0,0.0,0.0,2
Callum Hudson-Odoi,2,MID,60,0.0,70.0,60.0,0,5.3,90.0,2.0,10
Callum Hudson-Odoi,3,MID,60,0.0,50.0,80.0,1,5.633333333333333,83.66666666666667,4.666666666666666,2
Callum Marshall,1,FWD,45,1.0,50.0,50.0,0,0.0,0.0,0.0,0
Callum Marshall,2,FWD,45,-1.0,-200.0,-90.0,1,0.0,0.0,0.0,0
Callum Marshall,3,FWD,45,0.0,-80.0,-50.0,0,0.0,0.0,0.0,0
Callum Olusesi,1,MID,45,1.0,50.0,110.0,1,0.0,0.0,0.0,0
Callum Olusesi,2,MID,45,-1.0,-200.0,0.0,0,0.0,0.0,0.0,0
Callum Olusesi,3,MID,45,0.0,-100.0,0.0,1,0.0,0.0,0.0,0
Callum Wilson,1,FWD,60,1.0,50.0,50.0,0,0.0,0.0,0.0,1
Callum Wilson,2,FWD,60,-1.0,-200.0,-90.0,1,0.5,19.0,1.0,1
Callum Wilson,3,FWD,59,0.0,-80.0,-50.0,0,1.0666666666666669,27.666666666666668,1.0,7
Calvin Bassey,1,DEF,45,0.0,-80.0,30.0,0,0.0,0.0,0.0,1
Calvin Bassey,2,DEF,45,0.0,-10.0,10.0,1,1.4,90.0,1.0,2
Calvin Bassey,3,DEF,45,-1.0,-90.0,-30.0,0,1.2666666666666666,90.0,1.3333333333333335,1
Calvin Ramsay,1,DEF,40,2.0,90.0,220.0,1,0.0,0.0,0.0,0
Calvin Ramsay,2,DEF,40,1.0,90.0,250.0,0,0.0,0.0,0.0,0
Calvin Ramsay,3,DEF,40,1.0,-10.0,30.0,1,0.0,0.0,0.0,0
Caoimhín Kelleher,1,GK,45,0.0,-100.0,140.0,0,0.0,0.0,0.0,1
Caoimhín Kelleher,2,GK,45,0.0,-220.0,-40.0,1,1.2,90.0,1.0,5
Caoimhín Kelleher,3,GK,45,1.0,30.0,240.0,0,1.1333333333333333,90.0,2.333333333333333,1
Carl Rushworth,1,GK,40,0.0,-30.0,80.0,1,0.0,0.0,0.0,0
Carl Rushworth,2,GK,40,0.0,80.0,70.0,0,0.0,0.0,0.0,0
Carl Rushworth,3,GK,40,-1.0,-290.0,-40.0,1,0.0,0.0,0.0,0
Carlos Alcaraz Durán,1,MID,55,1.0,90.0,40.0,0,0.0,0.0,0.0,1
Carlos Alcaraz Durán,2,MID,55,0.0,-70.0,-80.0,1,3.1,85.0,1.0,1
Carlos Alcaraz Durán,3,MID,54,0.0,20.0,10.0,0,2.3000000000000003,65.33333333333334,1.0,1
Carlos Baleba,1,MID,50,0.0,-30.0,80.0,1,0.0,0.0,0.0,3
Carlos Baleba,2,MID,50,0.0,80.0,70.0,0,1.7,68.0,3.0,1
Carlos Baleba,3,MID,50,-1.0,-290.0,-40.0,1,1.5000000000000002,60.333333333333336,2.3333333333333335,1
Carlos Henrique Casimiro,1,MID,55,-1.0,-190.0,-250.0,1,0.0,0.0,0.0,2
Carlos Henrique Casimiro,2,MID,55,0.0,-10.0,10.0,0,2.1,64.0,2.0,0
Carlos Henrique Casimiro,3,MID,55,1.0,60.0,50.0,1,1.7333333333333334,60.0,1.3333333333333335,5
Carlos Miguel dos Santos Pereira,1,GK,40,0.0,-140.0,100.0,1,0.0,0.0,0.0,0
Carlos Miguel dos Santos Pereira,2,GK,40,0.0,70.0,60.0,0,0.0,0.0,0.0,0
Carlos Miguel dos Santos Pereira,3,GK,40,0.0,50.0,80.0,1,0.0,0.0,0.0,0
Chadi Riad Dnanou,1,DEF,40,-1.0,-90.0,40.0,0,0.0,0.0,0.0,0
Chadi Riad Dnanou,2,DEF,40,0.0,-60.0,-70.0,1,0.0,0.0,0.0,0
Chadi Riad Dnanou,3,DEF,40,0.0,-10.0,80.0,0,0.0,0.0,0.0,0
Charalampos Kostoulas,1,FWD,50,0.0,-30.0,80.0,1,0.0,0.0,0.0,0
Charalampos Kostoulas,2,FWD,50,0.0,80.0,70.0,0,0.0,0.0,0.0,0
Charalampos Kostoulas,3,FWD,49,-1.0,-290.0,-40.0,1,0.0,0.0,0.0,0
Charlie Crew,1,MID,45,-1.0,-40.0,-90.0,1,0.0,0.0,0.0,0
Charlie Crew,2,MID,45,-2.0,-240.0,-250.0,0,0.0,0.0,0.0,0
Charlie Crew,3,MID,45,-2.0,-270.0,-120.0,1,0.0,0.0,0.0,0
Charlie Tasker,1,DEF,40,0.0,-30.0,80.0,1,0.0,0.0,0.0,0
Charlie Tasker,2,DEF,40,0.0,80.0,70.0,0,0.0,0.0,0.0,0
Charlie Tasker,3,DEF,40,-1.0,-290.0,-40.0,1,0.0,0.0,0.0,0
Cheick Doucouré,1,MID,50,-1.0,-90.0,40.0,0,0.0,0.0,0.0,0
Cheick Doucouré,2,MID,50,0.0,-60.0,-70.0,1,0.0,0.0,0.0,0
Cheick Doucouré,3,MID,50,0.0,-10.0,80.0,0,0.0,0.0,0.0,0
Chemsdine Talbi,1,MID,50,-1.0,-50.0,-50.0,1,0.0,0.0,0.0,6
Chemsdine Talbi,2,MID,50,0.0,0.0,0.0,0,4.1,90.0,6.0,2
Chemsdine Talbi,3,MID,50,-1.0,-240.0,-30.0,1,3.466666666666667,80.66666666666667,4.666666666666667,3
Chido Obi,1,FWD,45,-1.0,-190.0,-250.0,1,0.0,0.0,0.0,0
Chido Obi,2,FWD,45,0.0,-10.0,10.0,0,0.0,0.0,0.0,0
Chido Obi,3,FWD,44,1.0,60.0,50.0,1,0.0,0.0,0.0,0
Chris Mepham,1,DEF,40,-2.0,-220.0,-90.0,0,0.0,0.0,0.0,0
Chris Mepham,2,DEF,40,0.0,-50.0,100.0,1,0.0,0.0,0.0,0
Chris Mepham,3,DEF,40,0.0,0.0,100.0,0,0.0,0.0,0.0,0
Chris Richards,1,DEF,45,-1.0,-90.0,40.0,0,0.0,0.0,0.0,6
Chris Richards,2,DEF,45,0.0,-60.0,-70.0,1,2.6,90.0,6.0,2
Chris Richards,3,DEF,45,0.0,-10.0,80.0,0,2.4333333333333336,90.0,4.666666666666667,8
Chris Rigg,1,MID,50,-1.0,-50.0,-50.0,1,0.0,0.0,0.0,1
Chris Rigg,2,MID,50,0.0,0.0,0.0,0,0.0,1.0,1.0,0
Chris Rigg,3,MID,49,-1.0,-240.0,-30.0,1,0.0,0.6666666666666667,0.6666666666666667,0
Chris Wood,1,FWD,75,0.0,-140.0,100.0,1,0.0,0.0,0.0,13
Chris Wood,2,FWD,76,0.0,70.0,60.0,0,12.5,78.0,13.0,2
Chris Wood,3,FWD,77,0.0,50.0,80.0,1,9.0,81.0,9.333333333333334,2
Christian Nørgaard,1,MID,55,1.0,250.0,190.0,0,0.0,0.0,0.0,0
Christian Nørgaard,2,MID,55,2.0,250.0,240.0,1,0.0,0.0,0.0,0
Christian Nørgaard,3,MID,54,-1.0,-30.0,10.0,0,0.0,0.0,0.0,0
Christopher Nkunku,1,MID,60,1.0,-40.0,90.0,1,0.0,0.0,0.0,0
Christopher Nkunku,2,MID,60,1.0,90.0,200.0,0,0.0,0.0,0.0,0
Christopher Nkunku,3,MID,59,1.0,30.0,90.0,1,0.0,0.0,0.0,0
Claudio Echeverri,1,MID,55,1.0,130.0,300.0,0,0.0,0.0,0.0,0
Claudio Echeverri,2,MID,54,1.0,0.0,200.0,1,0.0,0.0,0.0,0
Claudio Echeverri,3,MID,54,1.0,40.0,290.0,0,0.0,0.0,0.0,0
Coby Ebere,1,MID,45,1.0,90.0,40.0,0,0.0,0.0,0.0,0
Coby Ebere,2,MID,45,0.0,-70.0,-80.0,1,0.0,0.0,0.0,0
Coby Ebere,3,MID,45,0.0,20.0,10.0,0,0.0,0.0,0.0,0
Cody Gakpo,1,MID,75,2.0,90.0,220.0,1,0.0,0.0,0.0,7
Cody Gakpo,2,MID,75,1.0,90.0,250.0,0,13.4,90.0,7.0,10
Cody Gakpo,3,MID,76,1.0,-10.0,30.0,1,11.26666666666667,90.0,8.0,3
Cole Palmer,1,MID,105,1.0,-40.0,90.0,1,0.0,0.0,0.0,3
Cole Palmer,2,MID,105,1.0,90.0,200.0,0,4.5,90.0,3.0,0
Cole Palmer,3,MID,104,1.0,30.0,90.0,1,3.0000000000000004,60.00000000000001,2.0,0
Connor Roberts,1,DEF,45,-1.0,-110.0,-50.0,0,0.0,0.0,0.0,0
Connor Roberts,2,DEF,45,0.0,0.0,0.0,1,0.0,0.0,0.0,0
Connor Roberts,3,DEF,45,-1.0,-50.0,-60.0,0,0.0,0.0,0.0,0
Conor Bradley,1,DEF,50,2.0,90.0,220.0,1,0.0,0.0,0.0,0
Conor Bradley,2,DEF,50,1.0,90.0,250.0,0,0.0,0.0,0.0,0
Conor Bradley,3,DEF,50,1.0,-10.0,30.0,1,0.2333333333333333,3.333333333333333,0.0,0
Cristhian Mosquera,1,DEF,55,1.0,250.0,190.0,0,0.0,0.0,0.0,0
Cristhian Mosquera,2,DEF,55,2.0,250.0,240.0,1,0.0,0.0,0.0,1
Cristhian Mosquera,3,DEF,54,-1.0,-30.0,10.0,0,0.16666666666666666,8.666666666666666,0.3333333333333333,2
Cristian Romero,1,DEF,50,1.0,50.0,110.0,1,0.0,0.0,0.0,6
Cristian Romero,2,DEF,50,-1.0,-200.0,0.0,0,2.5,90.0,6.0,7
Cristian Romero,3,DEF,50,0.0,-100.0,0.0,1,2.4333333333333336,90.0,6.333333333333333,2
Crysencio Summerville,1,MID,55,1.0,50.0,50.0,0,0.0,0.0,0.0,0
Crysencio Summerville,2,MID,55,-1.0,-200.0,-90.0,1,0.0,0.0,0.0,0
Crysencio Summerville,3,MID,55,0.0,-80.0,-50.0,0,0.0,0.0,0.0,7
Curtis Jones,1,MID,55,2.0,90.0,220.0,1,0.0,0.0,0.0,1
Curtis Jones,2,MID,55,1.0,90.0,250.0,0,1.4,18.0,1.0,2
Curtis Jones,3,MID,54,1.0,-10.0,30.0,1,1.6,42.0,1.3333333333333335,4
Daichi Kamada,1,MID,50,-1.0,-90.0,40.0,0,0.0,0.0,0.0,0
Daichi Kamada,2,MID,50,0.0,-60.0,-70.0,1,0.0,0.0,0.0,0
Daichi Kamada,3,MID,50,0.0,-10.0,80.0,0,0.0,0.0,0.0,6
Dan Burn,1,DEF,50,1.0,30.0,210.0,0,0.0,0.0,0.0,9
Dan Burn,2,DEF,50,-1.0,-250.0,-90.0,1,2.2,90.0,9.0,2
Dan Burn,3,DEF,50,2.0,120.0,270.0,0,3.0333333333333337,90.0,6.666666666666668,6
Dan Ndoye,1,MID,60,0.0,-140.0,100.0,1,0.0,0.0,0.0,9
Dan Ndoye,2,MID,60,0.0,70.0,60.0,0,6.0,78.0,9.0,7
Dan Ndoye,3,MID,60,0.0,50.0,80.0,1,6.033333333333333,75.33333333333334,8.333333333333334,1
Dan Neil,1,MID,50,-1.0,-50.0,-50.0,1,0.0,0.0,0.0,0
Dan Neil,2,MID,50,0.0,0.0,0.0,0,0.0,0.0,0.0,0
Dan Neil,3,MID,49,-1.0,-240.0,-30.0,1,0.0,0.0,0.0,0
Dane Scarlett,1,FWD,45,1.0,50.0,110.0,1,0.0,0.0,0.0,0
Dane Scarlett,2,FWD,45,-1.0,-200.0,0.0,0,0.0,0.0,0.0,0
Dane Scarlett,3,FWD,45,0.0,-100.0,0.0,1,0.0,0.0,0.0,0
Dango Ouattara,1,MID,60,-2.0,-220.0,-90.0,0,0.0,0.0,0.0,0
Dango Ouattara,2,MID,60,0.0,-220.0,-40.0,1,0.0,0.0,0.0,13
Dango Ouattara,3,MID,60,1.0,30.0,240.0,0,3.6666666666666665,27.666666666666664,4.333333333333333,2
Daniel Adu-Adjei,1,FWD,45,-2.0,-220.0,-90.0,0,0.0,0.0,0.0,0
Daniel Adu-Adjei,2,FWD,45,0.0,-50.0,100.0,1,0.0,0.0,0.0,0
Daniel Adu-Adjei,3,FWD,45,0.0,0.0,100.0,0,0.0,0.0,0.0,0
Daniel Ballard,1,DEF,45,-1.0,-50.0,-50.0,1,0.0,0.0,0.0,17
Daniel Ballard,2,DEF,46,0.0,0.0,0.0,0,13.4,90.0,17.0,1
Daniel Ballard,3,DEF,46,-1.0,-240.0,-30.0,1,9.533333333333335,62.66666666666667,11.666666666666668,0
Daniel Bentley,1,GK,40,-1.0,-300.0,-130.0,1,0.0,0.0,0.0,0
Daniel Bentley,2,GK,40,0.0,-100.0,50.0,0,0.0,0.0,0.0,0
Daniel Bentley,3,GK,40,0.0,-10.0,-20.0,1,0.0,0.0,0.0,0
Daniel James,1,MID,55,-1.0,-40.0,-90.0,1,0.0,0.0,0.0,3
Daniel James,2,MID,55,-2.0,-240.0,-250.0,0,3.3,77.0,3.0,2
Daniel James,3,MID,54,-2.0,-270.0,-120.0,1,2.566666666666667,73.0,2.6666666666666665,1
Daniel Muñoz Mejía,1,DEF,55,-1.0,-90.0,40.0,0,0.0,0.0,0.0,5
Daniel Muñoz Mejía,2,DEF,55,0.0,-60.0,-70.0,1,1.6,90.0,5.0,5
Daniel Muñoz Mejía,3,DEF,55,0.0,-10.0,80.0,0,2.866666666666667,90.0,5.0,9
Danny Welbeck,1,FWD,65,0.0,-30.0,80.0,1,0.0,0.0,0.0,1
Danny Welbeck,2,FWD,65,0.0,80.0,70.0,0,0.5,21.0,1.0,0
Danny Welbeck,3,FWD,64,-1.0,-290.0,-40.0,1,1.2666666666666666,44.0,0.6666666666666667,2
Darko Churlinov,1,MID,50,-1.0,-110.0,-50.0,0,0.0,0.0,0.0,0
Darko Churlinov,2,MID,50,0.0,0.0,0.0,1,0.0,0.0,0.0,0
Darko Churlinov,3,MID,50,-1.0,-50.0,-60.0,0,0.0,0.0,0.0,0
Darko Gyabi,1,MID,45,-1.0,-40.0,-90.0,1,0.0,0.0,0.0,0
Darko Gyabi,2,MID,45,-2.0,-240.0,-250.0,0,0.0,0.0,0.0,0
Darko Gyabi,3,MID,45,-2.0,-270.0,-120.0,1,0.0,0.0,0.0,0
Darwin Núñez Ribeiro,1,FWD,65,2.0,90.0,220.0,1,0.0,0.0,0.0,0
Darwin Núñez Ribeiro,2,FWD,65,1.0,90.0,250.0,0,0.0,0.0,0.0,0
Darwin Núñez Ribeiro,3,FWD,65,1.0,-10.0,30.0,1,0.0,0.0,0.0,0
David Brooks,1,MID,50,-2.0,-220.0,-90.0,0,0.0,0.0,0.0,4
David Brooks,2,MID,50,0.0,-50.0,100.0,1,8.6,83.0,4.0,3
David Brooks,3,MID,50,0.0,0.0,100.0,0,7.3,77.33333333333334,3.666666666666667,4
David Mota Veiga Teixeira do Carmo,1,DEF,45,0.0,-140.0,100.0,1,0.0,0.0,0.0,0
David Mota Veiga Teixeira do Carmo,2,DEF,45,0.0,70.0,60.0,0,0.0,0.0,0.0,0
David Mota Veiga Teixeira do Carmo,3,DEF,45,0.0,50.0,80.0,1,0.0,0.0,0.0,0
David Møller Wolfe,1,DEF,45,-1.0,-300.0,-130.0,1,0.0,0.0,0.0,1
David Møller Wolfe,2,DEF,45,0.0,-100.0,50.0,0,1.0,71.0,1.0,1
David Møller Wolfe,3,DEF,45,0.0,-10.0,-20.0,1,0.8333333333333334,62.333333333333336,1.0,4
David Ozoh,1,MID,45,-1.0,-90.0,40.0,0,0.0,0.0,0.0,0
David Ozoh,2,MID,45,0.0,-60.0,-70.0,1,0.0,0.0,0.0,0
David Ozoh,3,MID,45,0.0,-10.0,80.0,0,0.0,0.0,0.0,0
David Raya Martín,1,GK,55,1.0,250.0,190.0,0,0.0,0.0,0.0,10
David Raya Martín,2,GK,55,2.0,250.0,240.0,1,4.9,90.0,10.0,6
David Raya Martín,3,GK,55,-1.0,-30.0,10.0,0,3.7,90.0,8.666666666666668,2
Dean Henderson,1,GK,50,-1.0,-90.0,40.0,0,0.0,0.0,0.0,6
Dean Henderson,2,GK,50,0.0,-60.0,-70.0,1,3.2,90.0,6.0,2
Dean Henderson,3,GK,50,0.0,-10.0,80.0,0,2.233333333333334,90.0,4.666666666666667,7
Declan Rice,1,MID,65,1.0,250.0,190.0,0,0.0,0.0,0.0,6
Declan Rice,2,MID,65,2.0,250.0,240.0,1,1.2,82.0,6.0,6
Declan Rice,3,MID,65,-1.0,-30.0,10.0,0,3.3666666666666663,84.66666666666667,6.0,4
Dejan Kulusevski,1,MID,65,1.0,50.0,110.0,1,0.0,0.0,0.0,0
Dejan Kulusevski,2,MID,65,-1.0,-200.0,0.0,0,0.0,0.0,0.0,0
Dejan Kulusevski,3,MID,65,0.0,-100.0,0.0,1,0.0,0.0,0.0,0
Dennis Cirkin,1,DEF,40,-1.0,-50.0,-50.0,1,0.0,0.0,0.0,0
Dennis Cirkin,2,DEF,40,0.0,0.0,0.0,0,0.0,0.0,0.0,0
Dennis Cirkin,3,DEF,40,-1.0,-240.0,-30.0,1,0.0,0.0,0.0,0
Dermot Mee,1,GK,40,-1.0,-190.0,-250.0,1,0.0,0.0,0.0,0
Dermot Mee,2,GK,40,0.0,-10.0,10.0,0,0.0,0.0,0.0,0
Dermot Mee,3,GK,40,1.0,60.0,50.0,1,0.0,0.0,0.0,0
Destiny Udogie,1,DEF,45,1.0,50.0,110.0,1,0.0,0.0,0.0,0
Destiny Udogie,2,DEF,45,-1.0,-200.0,0.0,0,0.0,0.0,0.0,0
Destiny Udogie,3,DEF,44,0.0,-100.0,0.0,1,0.0,0.0,0.0,1
Diego Coppola,1,DEF,45,0.0,-30.0,80.0,1,0.0,0.0,0.0,0
Diego Coppola,2,DEF,45,0.0,80.0,70.0,0,0.0,0.0,0.0,0
Diego Coppola,3,DEF,44,-1.0,-290.0,-40.0,1,0.0,0.0,0.0,1
Diego Gómez Amarilla,1,MID,50,0.0,-30.0,80.0,1,0.0,0.0,0.0,0
Diego Gómez Amarilla,2,MID,50,0.0,80.0,70.0,0,2.6,21.0,0.0,1
Diego Gómez Amarilla,3,MID,50,-1.0,-290.0,-40.0,1,2.0333333333333337,21.666666666666668,0.3333333333333333,2
Diego León Blanco,1,DEF,45,-1.0,-190.0,-250.0,1,0.0,0.0,0.0,0
Diego León Blanco,2,DEF,45,0.0,-10.0,10.0,0,0.0,0.0,0.0,0
Diego León Blanco,3,DEF,44,1.0,60.0,50.0,1,0.0,0.0,0.0,0
Diogo Dalot Teixeira,1,DEF,45,-1.0,-190.0,-250.0,1,0.0,0.0,0.0,1
Diogo Dalot Teixeira,2,DEF,45,0.0,-10.0,10.0,0,2.3,54.0,1.0,1
Diogo Dalot Teixeira,3,DEF,45,1.0,60.0,50.0,1,2.0,48.66666666666667,1.0,4
Djed Spence,1,DEF,45,1.0,50.0,110.0,1,0.0,0.0,0.0,6
Djed Spence,2,DEF,45,-1.0,-200.0,0.0,0,3.8,90.0,6.0,6
Djed Spence,3,DEF,45,0.0,-100.0,0.0,1,3.0333333333333337,90.0,6.0,1
Dominic Calvert-Lewin,2,FWD,55,-2.0,-240.0,-250.0,0,0.0,0.0,0.0,0
Dominic Calvert-Lewin,3,FWD,55,-2.0,-270.0,-120.0,1,0.0,0.0,0.0,1
Dominic Sadi,1,MID,45,-2.0,-220.0,-90.0,0,0.0,0.0,0.0,0
Dominic Sadi,2,MID,45,0.0,-50.0,100.0,1,0.0,0.0,0.0,0
Dominic Sadi,3,MID,45,0.0,0.0,100.0,0,0.0,0.0,0.0,0
Dominic Solanke-Mitchell,1,FWD,75,1.0,50.0,110.0,1,0.0,0.0,0.0,1
Dominic Solanke-Mitchell,2,FWD,74,-1.0,-200.0,0.0,0,0.8,19.0,1.0,1
Dominic Solanke-Mitchell,3,FWD,73,0.0,-100.0,0.0,1,1.3,16.666666666666668,1.0,0
Dominik Szoboszlai,1,MID,65,2.0,90.0,220.0,1,0.0,0.0,0.0,2
Dominik Szoboszlai,2,MID,65,1.0,90.0,250.0,0,6.8,90.0,2.0,2
Dominik Szoboszlai,3,MID,65,1.0,-10.0,30.0,1,5.000000000000001,90.0,2.0,13
Donyell Malen,1,MID,55,-1.0,-210.0,-30.0,1,0.0,0.0,0.0,1
Donyell Malen,2,MID,54,0.0,40.0,220.0,0,2.0,6.0,1.0,1
Donyell Malen,3,MID,53,0.0,-80.0,10.0,1,1.5000000000000002,12.666666666666666,1.0,2
Douglas Luiz Soares de Paulo,2,MID,50,0.0,70.0,60.0,0,0.0,0.0,0.0,0
Douglas Luiz Soares de Paulo,3,MID,50,0.0,50.0,80.0,1,0.0,0.0,0.0,0
Dwight McNeil,1,MID,60,1.0,90.0,40.0,0,0.0,0.0,0.0,0
Dwight McNeil,2,MID,59,0.0,-70.0,-80.0,1,0.0,0.0,0.0,1
Dwight McNeil,3,MID,58,0.0,20.0,10.0,0,0.6,6.333333333333333,0.3333333333333333,0
Dário Luís Essugo,1,MID,45,1.0,-40.0,90.0,1,0.0,0.0,0.0,0
Dário Luís Essugo,2,MID,45,1.0,90.0,200.0,0,0.0,0.0,0.0,0
Dário Luís Essugo,3,MID,45,1.0,30.0,90.0,1,0.0,0.0,0.0,0
Eberechi Eze,1,MID,75,-1.0,-90.0,40.0,0,0.0,0.0,0.0,3
Eberechi Eze,2,MID,75,0.0,-60.0,-70.0,1,3.6,83.0,3.0,0
Eberechi Eze,3,MID,75,-1.0,-30.0,10.0,0,2.4000000000000004,55.33333333333334,2.0,1
Eddie Nketiah,1,FWD,55,-1.0,-90.0,40.0,0,0.0,0.0,0.0,0
Eddie Nketiah,2,FWD,55,0.0,-60.0,-70.0,1,0.0,0.0,0.0,0
Eddie Nketiah,3,FWD,54,0.0,-10.0,80.0,0,0.0,0.0,0.0,0
Ederson Santana de Moraes,1,GK,55,1.0,130.0,300.0,0,0.0,0.0,0.0,0
Ederson Santana de Moraes,2,GK,54,1.0,0.0,200.0,1,0.0,0.0,0.0,0
Ederson Santana de Moraes,3,GK,54,1.0,40.0,290.0,0,0.0,0.0,0.0,0
Edson Álvarez Velázquez,1,MID,50,1.0,50.0,50.0,0,0.0,0.0,0.0,0
Edson Álvarez Velázquez,2,MID,50,-1.0,-200.0,-90.0,1,0.0,0.0,0.0,0
Edson Álvarez Velázquez,3,MID,49,0.0,-80.0,-50.0,0,0.0,0.0,0.0,0
Eiran Cashin,1,DEF,40,0.0,-30.0,80.0,1,0.0,0.0,0.0,0
Eiran Cashin,2,DEF,40,0.0,80.0,70.0,0,0.0,0.0,0.0,0
Eiran Cashin,3,DEF,40,-1.0,-290.0,-40.0,1,0.0,0.0,0.0,0
El Hadji Malick Diouf,1,DEF,45,1.0,50.0,50.0,0,0.0,0.0,0.0,1
El Hadji Malick Diouf,2,DEF,45,-1.0,-200.0,-90.0,1,5.2,90.0,1.0,3
El Hadji Malick Diouf,3,DEF,45,0.0,-80.0,-50.0,0,4.633333333333334,90.0,1.6666666666666667,10
Eli Junior Kroupi,1,FWD,45,-2.0,-220.0,-90.0,0,0.0,0.0,0.0,1
Eli Junior Kroupi,2,FWD,45,0.0,-50.0,100.0,1,0.0,1.0,1.0,1
Eli Junior Kroupi,3,FWD,45,0.0,0.0,100.0,0,0.06666666666666667,1.3333333333333335,1.0,1
Eliezer Mayenda Dossou,1,FWD,55,-1.0,-50.0,-50.0,1,0.0,0.0,0.0,8
Eliezer Mayenda Dossou,2,FWD,55,0.0,0.0,0.0,0,7.1,75.0,8.0,2
Eliezer Mayenda Dossou,3,FWD,55,-1.0,-240.0,-30.0,1,5.766666666666667,70.66666666666667,6.000000000000001,2
Elijah Campbell,2,DEF,40,0.0,-70.0,-80.0,1,0.0,0.0,0.0,0
Elijah Campbell,3,DEF,40,0.0,20.0,10.0,0,0.0,0.0,0.0,0
Ellery Balcombe,1,GK,40,0.0,-100.0,140.0,0,0.0,0.0,0.0,0
Ellery Balcombe,2,GK,40,0.0,-220.0,-40.0,1,0.0,0.0,0.0,0
Ellery Balcombe,3,GK,40,1.0,30.0,240.0,0,0.0,0.0,0.0,0
Elliot Anderson,1,MID,55,0.0,-140.0,100.0,1,0.0,0.0,0.0,6
Elliot Anderson,2,MID,55,0.0,70.0,60.0,0,7.0,90.0,6.0,2
Elliot Anderson,3,MID,55,0.0,50.0,80.0,1,5.966666666666667,90.0,4.666666666666667,2
Elyh Harrison,1,GK,40,-1.0,-190.0,-250.0,1,0.0,0.0,0.0,0
Elyh Harrison,2,GK,40,0.0,-10.0,10.0,0,0.0,0.0,0.0,0
Elyh Harrison,3,GK,40,1.0,60.0,50.0,1,0.0,0.0,0.0,0
Emerson Palmieri dos Santos,1,DEF,45,1.0,50.0,50.0,0,0.0,0.0,0.0,0
Emerson Palmieri dos Santos,2,DEF,45,-1.0,-200.0,-90.0,1,0.0,0.0,0.0,0
Emerson Palmieri dos Santos,3,DEF,44,0.0,-80.0,-50.0,0,0.0,0.0,0.0,0
Emil Krafth,1,DEF,45,1.0,30.0,210.0,0,0.0,0.0,0.0,0
Emil Krafth,2,DEF,45,-1.0,-250.0,-90.0,1,0.0,0.0,0.0,0
Emil Krafth,3,DEF,45,2.0,120.0,270.0,0,0.0,0.0,0.0,0
Emile Smith Rowe,1,MID,60,0.0,-80.0,30.0,0,0.0,0.0,0.0,1
Emile Smith Rowe,2,MID,59,0.0,-10.0,10.0,1,0.4,13.0,1.0,6
Emile Smith Rowe,3,MID,59,-1.0,-90.0,-30.0,0,2.7333333333333334,15.0,2.666666666666667,1
Emiliano Buendía Stati,1,MID,55,-1.0,-210.0,-30.0,1,0.0,0.0,0.0,0
Emiliano Buendía Stati,2,MID,54,0.0,40.0,220.0,0,0.0,0.0,0.0,1
Emiliano Buendía Stati,3,MID,54,0.0,-80.0,10.0,1,0.7333333333333334,19.333333333333332,0.3333333333333333,1
Emiliano Martínez Romero,1,GK,50,-1.0,-210.0,-30.0,1,0.0,0.0,0.0,0
Emiliano Martínez Romero,2,GK,50,0.0,40.0,220.0,0,0.0,0.0,0.0,2
Emiliano Martínez Romero,3,GK,50,0.0,-80.0,10.0,1,0.43333333333333335,30.0,0.6666666666666666,0
Emmanuel Agbadou,1,DEF,45,-1.0,-300.0,-130.0,1,0.0,0.0,0.0,0
Emmanuel Agbadou,2,DEF,45,0.0,-100.0,50.0,0,1.3,90.0,0.0,4
Emmanuel Agbadou,3,DEF,45,0.0,-10.0,-20.0,1,2.2333333333333334,90.0,1.3333333333333333,1
Endo Wataru,1,MID,50,2.0,90.0,220.0,1,0.0,0.0,0.0,4
Endo Wataru,2,MID,50,1.0,90.0,250.0,0,3.5,30.0,4.0,1
Endo Wataru,3,MID,50,1.0,-10.0,30.0,1,2.3333333333333335,20.333333333333336,3.0000000000000004,0
Enes Ünal,1,FWD,55,-2.0,-220.0,-90.0,0,0.0,0.0,0.0,0
Enes Ünal,2,FWD,55,0.0,-50.0,100.0,1,0.0,0.0,0.0,0
Enes Ünal,3,FWD,55,0.0,0.0,100.0,0,0.0,0.0,0.0,0
Enock Agyei,1,MID,50,-1.0,-110.0,-50.0,0,0.0,0.0,0.0,0
Enock Agyei,2,MID,50,0.0,0.0,0.0,1,0.0,0.0,0.0,0
Enock Agyei,3,MID,49,-1.0,-50.0,-60.0,0,0.0,0.0,0.0,0
Enso González Medina,1,MID,45,-1.0,-300.0,-130.0,1,0.0,0.0,0.0,0
Enso González Medina,2,MID,45,0.0,-100.0,50.0,0,0.0,0.0,0.0,0
Enso González Medina,3,MID,45,0.0,-10.0,-20.0,1,0.0,0.0,0.0,0
Enzo Barrenechea,1,MID,50,-1.0,-210.0,-30.0,1,0.0,0.0,0.0,0
Enzo Barrenechea,2,MID,50,0.0,40.0,220.0,0,0.0,0.0,0.0,0
Enzo Barrenechea,3,MID,50,0.0,-80.0,10.0,1,0.0,0.0,0.0,0
Enzo Fernández,1,MID,65,1.0,-40.0,90.0,1,0.0,0.0,0.0,3
Enzo Fernández,2,MID,65,1.0,90.0,200.0,0,2.2,78.0,3.0,10
Enzo Fernández,3,MID,65,1.0,30.0,90.0,1,4.133333333333334,82.0,5.333333333333333,12
Enzo Le Fée,1,MID,50,-1.0,-50.0,-50.0,1,0.0,0.0,0.0,1
Enzo Le Fée,2,MID,50,0.0,0.0,0.0,0,0.4,14.0,1.0,1
Enzo Le Fée,3,MID,49,-1.0,-240.0,-30.0,1,1.4666666666666668,18.333333333333336,1.0,11
Eric da Silva Moreira,1,MID,45,0.0,-140.0,100.0,1,0.0,0.0,0.0,0
Eric da Silva Moreira,2,MID,45,0.0,70.0,60.0,0,0.0,0.0,0.0,0
Eric da Silva Moreira,3,MID,45,0.0,50.0,80.0,1,0.0,0.0,0.0,0
Erling Haaland,1,FWD,140,1.0,130.0,300.0,0,0.0,0.0,0.0,13
Erling Haaland,2,FWD,140,1.0,0.0,200.0,1,12.9,72.0,13.0,2
Erling Haaland,3,FWD,141,1.0,40.0,290.0,0,9.666666666666668,78.0,9.333333333333334,9
Estêvão Almeida de Oliveira Gonçalves,1,MID,65,1.0,-40.0,90.0,1,0.0,0.0,0.0,0
Estêvão Almeida de Oliveira Gonçalves,2,MID,65,1.0,90.0,200.0,0,1.4,36.0,0.0,5
Estêvão Almeida de Oliveira Gonçalves,3,MID,65,1.0,30.0,90.0,1,3.2333333333333334,49.333333333333336,1.6666666666666665,3
Ethan Ampadu,1,MID,50,-1.0,-40.0,-90.0,1,0.0,0.0,0.0,3
Ethan Ampadu,2,MID,50,-2.0,-240.0,-250.0,0,1.8,77.0,3.0,0
Ethan Ampadu,3,MID,49,-2.0,-270.0,-120.0,1,1.2000000000000002,51.333333333333336,2.0,0
Ethan Nwaneri,1,MID,55,1.0,250.0,190.0,0,0.0,0.0,0.0,0
Ethan Nwaneri,2,MID,55,2.0,250.0,240.0,1,0.0,0.0,0.0,1
Ethan Nwaneri,3,MID,54,-1.0,-30.0,10.0,0,0.39999999999999997,17.333333333333332,0.3333333333333333,0
Ethan Pinnock,1,DEF,45,0.0,-100.0,140.0,0,0.0,0.0,0.0,0
Ethan Pinnock,2,DEF,45,0.0,-220.0,-40.0,1,0.0,0.0,0.0,0
Ethan Pinnock,3,DEF,44,1.0,30.0,240.0,0,0.0,0.0,0.0,0
Ethan Wheatley,1,FWD,45,-1.0,-190.0,-250.0,1,0.0,0.0,0.0,0
Ethan Wheatley,2,FWD,45,0.0,-10.0,10.0,0,0.0,0.0,0.0,0
Ethan Wheatley,3,FWD,45,1.0,60.0,50.0,1,0.0,0.0,0.0,0
Etienne Green,1,GK,40,-1.0,-110.0,-50.0,0,0.0,0.0,0.0,0
Etienne Green,2,GK,40,0.0,0.0,0.0,1,0.0,0.0,0.0,0
Etienne Green,3,GK,40,-1.0,-50.0,-60.0,0,0.0,0.0,0.0,0
Evan Ferguson,1,FWD,55,0.0,-30.0,80.0,1,0.0,0.0,0.0,0
Evan Ferguson,2,FWD,55,0.0,80.0,70.0,0,0.0,0.0,0.0,0
Evan Ferguson,3,FWD,55,-1.0,-290.0,-40.0,1,0.0,0.0,0.0,0
Evann Guessand,1,MID,65,-1.0,-210.0,-30.0,1,0.0,0.0,0.0,0
Evann Guessand,2,MID,65,0.0,40.0,220.0,0,0.0,0.0,0.0,1
Evann Guessand,3,MID,64,0.0,-80.0,10.0,1,0.16666666666666666,5.0,0.3333333333333333,1
Ezri Konsa Ngoyo,1,DEF,45,-1.0,-210.0,-30.0,1,0.0,0.0,0.0,3
Ezri Konsa Ngoyo,2,DEF,45,0.0,40.0,220.0,0,0.3,65.0,3.0,0
Ezri Konsa Ngoyo,3,DEF,45,0.0,-80.0,10.0,1,0.2,43.333333333333336,2.0,1
Fabian Schär,1,DEF,55,1.0,30.0,210.0,0,0.0,0.0,0.0,8
Fabian Schär,2,DEF,55,-1.0,-250.0,-90.0,1,2.0,90.0,8.0,1
Fabian Schär,3,DEF,55,2.0,120.0,270.0,0,2.066666666666667,86.66666666666667,5.666666666666667,6
Facundo Buonanotte,1,MID,50,0.0,-30.0,80.0,1,0.0,0.0,0.0,0
Facundo Buonanotte,2,MID,50,0.0,80.0,70.0,0,0.0,0.0,0.0,0
Facundo Buonanotte,3,MID,49,-1.0,-290.0,-40.0,1,0.0,0.0,0.0,0
Federico Chiesa,1,MID,65,2.0,90.0,220.0,1,0.0,0.0,0.0,6
Federico Chiesa,2,MID,65,1.0,90.0,250.0,0,5.3,8.0,6.0,1
Federico Chiesa,3,MID,65,1.0,-10.0,30.0,1,3.6000000000000005,8.666666666666668,4.333333333333333,1
Felipe Rodrigues da Silva,1,DEF,45,0.0,-140.0,100.0,1,0.0,0.0,0.0,0
Felipe Rodrigues da Silva,2,DEF,45,0.0,70.0,60.0,0,0.0,0.0,0.0,0
Felipe Rodrigues da Silva,3,DEF,45,0.0,50.0,80.0,1,0.0,0.0,0.0,0
Fer López González,1,MID,55,-1.0,-300.0,-130.0,1,0.0,0.0,0.0,1
Fer López González,2,MID,55,0.0,-100.0,50.0,0,2.3,18.0,1.0,0
Fer López González,3,MID,54,0.0,-10.0,-20.0,1,1.5333333333333334,12.000000000000002,0.6666666666666667,1
Ferdi Kadıoğlu,1,DEF,45,0.0,-30.0,80.0,1,0.0,0.0,0.0,0
Ferdi Kadıoğlu,2,DEF,45,0.0,80.0,70.0,0,0.1,21.0,0.0,0
Ferdi Kadıoğlu,3,DEF,44,-1.0,-290.0,-40.0,1,0.13333333333333336,21.666666666666668,0.0,0
Filip Jörgensen,1,GK,45,1.0,-40.0,90.0,1,0.0,0.0,0.0,0
Filip Jörgensen,2,GK,45,1.0,90.0,200.0,0,0.0,0.0,0.0,0
Filip Jörgensen,3,GK,45,1.0,30.0,90.0,1,0.0,0.0,0.0,0
Filip Marschall,1,GK,40,-1.0,-210.0,-30.0,1,0.0,0.0,0.0,0
Filip Marschall,2,GK,40,0.0,40.0,220.0,0,0.0,0.0,0.0,0
Filip Marschall,3,GK,40,0.0,-80.0,10.0,1,0.0,0.0,0.0,0
Florian Wirtz,1,MID,85,2.0,90.0,220.0,1,0.0,0.0,0.0,2
Florian Wirtz,2,MID,85,1.0,90.0,250.0,0,6.9,81.0,2.0,2
Florian Wirtz,3,MID,84,1.0,-10.0,30.0,1,5.633333333333334,80.33333333333334,2.0,3
Francisco Evanilson de Lima Barbosa,1,FWD,70,-2.0,-220.0,-90.0,0,0.0,0.0,0.0,1
Francisco Evanilson de Lima Barbosa,2,FWD,70,0.0,-50.0,100.0,1,1.6,90.0,1.0,2
Francisco Evanilson de Lima Barbosa,3,FWD,70,0.0,0.0,100.0,0,2.9333333333333336,89.0,1.3333333333333335,8
Franco Umeh-Chibueze,1,MID,45,-1.0,-90.0,40.0,0,0.0,0.0,0.0,0
Franco Umeh-Chibueze,2,MID,45,0.0,-60.0,-70.0,1,0.0,0.0,0.0,0
Franco Umeh-Chibueze,3,MID,45,0.0,-10.0,80.0,0,0.0,0.0,0.0,0
Frank Onyeka,1,MID,50,0.0,-100.0,140.0,0,0.0,0.0,0.0,4
Frank Onyeka,2,MID,50,0.0,-220.0,-40.0,1,0.1,21.0,4.0,1
Frank Onyeka,3,MID,50,1.0,30.0,240.0,0,0.2,21.0,3.0000000000000004,4
Freddie Potts,1,MID,45,1.0,50.0,50.0,0,0.0,0.0,0.0,0
Freddie Potts,2,MID,45,-1.0,-200.0,-90.0,1,0.0,0.0,0.0,1
Freddie Potts,3,MID,45,0.0,-80.0,-50.0,0,0.3333333333333333,15.0,0.3333333333333333,0
Freddie Woodman,1,GK,40,2.0,90.0,220.0,1,0.0,0.0,0.0,0
Freddie Woodman,2,GK,40,1.0,90.0,250.0,0,0.0,0.0,0.0,0
Freddie Woodman,3,GK,40,1.0,-10.0,30.0,1,0.0,0.0,0.0,0
Fábio Ferreira Vieira,1,MID,55,1.0,250.0,190.0,0,0.0,0.0,0.0,0
Fábio Ferreira Vieira,2,MID,55,2.0,250.0,240.0,1,0.0,0.0,0.0,0
Fábio Ferreira Vieira,3,MID,54,-1.0,-30.0,10.0,0,0.0,0.0,0.0,0
Fábio Freitas Gouveia Carvalho,1,MID,50,0.0,-100.0,140.0,0,0.0,0.0,0.0,2
Fábio Freitas Gouveia Carvalho,2,MID,50,0.0,-220.0,-40.0,1,1.3,90.0,2.0,0
Fábio Freitas Gouveia Carvalho,3,MID,50,1.0,30.0,240.0,0,0.8666666666666668,60.00000000000001,1.3333333333333335,1
Fábio Soares Silva,1,FWD,50,-1.0,-300.0,-130.0,1,0.0,0.0,0.0,0
Fábio Soares Silva,2,FWD,50,0.0,-100.0,50.0,0,0.0,0.0,0.0,0
Fábio Soares Silva,3,FWD,49,0.0,-10.0,-20.0,1,0.0,0.0,0.0,0
Gabriel Fernando de Jesus,1,FWD,65,1.0,250.0,190.0,0,0.0,0.0,0.0,0
Gabriel Fernando de Jesus,2,FWD,65,2.0,250.0,240.0,1,0.0,0.0,0.0,0
Gabriel Fernando de Jesus,3,FWD,65,-1.0,-30.0,10.0,0,0.0,0.0,0.0,0
Gabriel Gudmundsson,1,DEF,40,-1.0,-40.0,-90.0,1,0.0,0.0,0.0,9
Gabriel Gudmundsson,2,DEF,40,-2.0,-240.0,-250.0,0,8.1,90.0,9.0,-1
Gabriel Gudmundsson,3,DEF,40,-2.0,-270.0,-120.0,1,5.733333333333333,90.0,5.666666666666668,9
Gabriel Martinelli Silva,1,MID,70,1.0,250.0,190.0,0,0.0,0.0,0.0,1
Gabriel Martinelli Silva,2,MID,70,2.0,250.0,240.0,1,3.8,59.0,1.0,0
Gabriel Martinelli Silva,3,MID,69,-1.0,-30.0,10.0,0,2.5333333333333337,39.333333333333336,0.6666666666666667,3
Gabriel Słonina,1,GK,40,1.0,-40.0,90.0,1,0.0,0.0,0.0,0
Gabriel Słonina,2,GK,40,1.0,90.0,200.0,0,0.0,0.0,0.0,0
Gabriel Słonina,3,GK,40,1.0,30.0,90.0,1,0.0,0.0,0.0,0
Gabriel dos Santos Magalhães,1,DEF,60,1.0,250.0,190.0,0,0.0,0.0,0.0,6
Gabriel dos Santos Magalhães,2,DEF,60,2.0,250.0,240.0,1,2.7,90.0,6.0,6
Gabriel dos Santos Magalhães,3,DEF,61,-1.0,-30.0,10.0,0,2.566666666666667,90.0,6.0,2
Garang Kuol,1,MID,45,1.0,30.0,210.0,0,0.0,0.0,0.0,0
Garang Kuol,2,MID,45,-1.0,-250.0,-90.0,1,0.0,0.0,0.0,0
Garang Kuol,3,MID,45,2.0,120.0,270.0,0,0.0,0.0,0.0,0
George Earthy,1,MID,45,1.0,50.0,50.0,0,0.0,0.0,0.0,0
George Earthy,2,MID,45,-1.0,-200.0,-90.0,1,0.0,0.0,0.0,0
George Earthy,3,MID,45,0.0,-80.0,-50.0,0,0.0,0.0,0.0,0
Georginio Rutter,1,MID,60,0.0,-30.0,80.0,1,0.0,0.0,0.0,6
Georginio Rutter,2,MID,60,0.0,80.0,70.0,0,1.8,68.0,6.0,0
Georginio Rutter,3,MID,59,-1.0,-290.0,-40.0,1,1.2000000000000002,45.333333333333336,4.0,1
Giorgi Mamardashvili,1,GK,45,2.0,90.0,220.0,1,0.0,0.0,0.0,0
Giorgi Mamardashvili,2,GK,45,1.0,90.0,250.0,0,0.0,0.0,0.0,0
Giorgi Mamardashvili,3,GK,44,1.0,-10.0,30.0,1,0.0,0.0,0.0,0
Giovanni Leoni,2,DEF,50,1.0,90.0,250.0,0,0.0,0.0,0.0,0
Giovanni Leoni,3,DEF,50,1.0,-10.0,30.0,1,0.0,0.0,0.0,0
Gonçalo Manuel Ganchinho Guedes,1,MID,55,-1.0,-300.0,-130.0,1,0.0,0.0,0.0,0
Gonçalo Manuel Ganchinho Guedes,2,MID,55,0.0,-100.0,50.0,0,0.0,0.0,0.0,0
Gonçalo Manuel Ganchinho Guedes,3,MID,55,0.0,-10.0,-20.0,1,0.0,0.0,0.0,0
Granit Xhaka,1,MID,50,-1.0,-50.0,-50.0,1,0.0,0.0,0.0,3
Granit Xhaka,2,MID,50,0.0,0.0,0.0,0,4.7,90.0,3.0,4
Granit Xhaka,3,MID,50,-1.0,-240.0,-30.0,1,4.633333333333334,90.0,3.333333333333333,4
Guglielmo Vicario,1,GK,50,1.0,50.0,110.0,1,0.0,0.0,0.0,9
Guglielmo Vicario,2,GK,50,-1.0,-200.0,0.0,0,3.0,90.0,9.0,9
Guglielmo Vicario,3,GK,50,0.0,-100.0,0.0,1,2.933333333333333,90.0,9.0,3
Guido Rodríguez,1,MID,50,1.0,50.0,50.0,0,0.0,0.0,0.0,2
Guido Rodríguez,2,MID,50,-1.0,-200.0,-90.0,1,0.7,70.0,2.0,0
Guido Rodríguez,3,MID,50,0.0,-80.0,-50.0,0,0.4666666666666667,46.66666666666667,1.3333333333333335,0
Gustavo Nunes Fernandes Gomes,1,MID,50,0.0,-100.0,140.0,0,0.0,0.0,0.0,0
Gustavo Nunes Fernandes Gomes,2,MID,50,0.0,-220.0,-40.0,1,0.0,0.0,0.0,0
Gustavo Nunes Fernandes Gomes,3,MID,50,1.0,30.0,240.0,0,0.0,0.0,0.0,0
Habib Diarra,1,MID,55,-1.0,-50.0,-50.0,1,0.0,0.0,0.0,3
Habib Diarra,2,MID,55,0.0,0.0,0.0,0,3.0,90.0,3.0,2
Habib Diarra,3,MID,55,-1.0,-240.0,-30.0,1,2.8,86.33333333333334,2.6666666666666665,4
Hamed Traorè,1,MID,45,-2.0,-220.0,-90.0,0,0.0,0.0,0.0,4
Hamed Traorè,2,MID,45,0.0,-50.0,100.0,1,3.1,16.0,4.0,0
Hamed Traorè,3,MID,45,0.0,0.0,100.0,0,2.066666666666667,10.666666666666668,2.666666666666667,0
Hannes Delcroix,1,DEF,40,-1.0,-110.0,-50.0,0,0.0,0.0,0.0,0
Hannes Delcroix,2,DEF,40,0.0,0.0,0.0,1,0.0,0.0,0.0,0
Hannes Delcroix,3,DEF,40,-1.0,-50.0,-60.0,0,0.0,0.0,0.0,0
Hannibal Mejbri,1,MID,50,-1.0,-110.0,-50.0,0,0.0,0.0,0.0,2
Hannibal Mejbri,2,MID,50,0.0,0.0,0.0,1,0.6,62.0,2.0,5
Hannibal Mejbri,3,MID,50,-1.0,-50.0,-60.0,0,1.4666666666666668,68.66666666666667,3.0,2
Harrison Armstrong,1,MID,45,1.0,90.0,40.0,0,0.0,0.0,0.0,0
Harrison Armstrong,2,MID,45,0.0,-70.0,-80.0,1,0.0,0.0,0.0,1
Harrison Armstrong,3,MID,45,0.0,20.0,10.0,0,0.0,0.3333333333333333,0.3333333333333333,0
Harrison Ashby,1,DEF,40,1.0,30.0,210.0,0,0.0,0.0,0.0,0
Harrison Ashby,2,DEF,40,-1.0,-250.0,-90.0,1,0.0,0.0,0.0,0
Harrison Ashby,3,DEF,40,2.0,120.0,270.0,0,0.0,0.0,0.0,0
Harrison Jones,1,MID,45,-1.0,-50.0,-50.0,1,0.0,0.0,0.0,0
Harrison Jones,2,MID,45,0.0,0.0,0.0,0,0.0,0.0,0.0,0
Harrison Jones,3,MID,45,-1.0,-240.0,-30.0,1,0.0,0.0,0.0,0
Harrison Reed,1,MID,45,0.0,-80.0,30.0,0,0.0,0.0,0.0,0
Harrison Reed,2,MID,45,0.0,-10.0,10.0,1,0.0,0.0,0.0,0
Harrison Reed,3,MID,45,-1.0,-90.0,-30.0,0,0.0,0.0,0.0,0
Harry Amass,1,DEF,40,-1.0,-190.0,-250.0,1,0.0,0.0,0.0,0
Harry Amass,2,DEF,40,0.0,-10.0,10.0,0,0.0,0.0,0.0,0
Harry Amass,3,DEF,40,1.0,60.0,50.0,1,0.0,0.0,0.0,0
Harry Maguire,1,DEF,45,-1.0,-190.0,-250.0,1,0.0,0.0,0.0,1
Harry Maguire,2,DEF,45,0.0,-10.0,10.0,0,0.6,10.0,1.0,1
Harry Maguire,3,DEF,45,1.0,60.0,50.0,1,0.5333333333333333,7.666666666666668,1.0,0
Harry Tyrer,1,GK,40,1.0,90.0,40.0,0,0.0,0.0,0.0,0
Harry Tyrer,2,GK,40,0.0,-70.0,-80.0,1,0.0,0.0,0.0,0
Harry Tyrer,3,GK,40,0.0,20.0,10.0,0,0.0,0.0,0.0,0
Harry Wilson,1,MID,55,0.0,-80.0,30.0,0,0.0,0.0,0.0,5
Harry Wilson,2,MID,55,0.0,-10.0,10.0,1,2.1,90.0,5.0,1
Harry Wilson,3,MID,55,-1.0,-90.0,-30.0,0,1.7666666666666668,69.33333333333334,3.6666666666666674,1
Harvey Barnes,1,MID,65,1.0,30.0,210.0,0,0.0,0.0,0.0,3
Harvey Barnes,2,MID,65,-1.0,-250.0,-90.0,1,9.5,89.0,3.0,2
Harvey Barnes,3,MID,65,2.0,120.0,270.0,0,7.066666666666667,84.33333333333334,2.6666666666666665,1
Harvey Elliott,1,MID,55,2.0,90.0,220.0,1,0.0,0.0,0.0,0
Harvey Elliott,2,MID,54,1.0,90.0,250.0,0,0.0,0.0,0.0,1
Harvey Elliott,3,MID,54,1.0,-10.0,30.0,1,0.03333333333333333,0.3333333333333333,0.3333333333333333,0
Hjalmar Ekdal,1,DEF,40,-1.0,-110.0,-50.0,0,0.0,0.0,0.0,1
Hjalmar Ekdal,2,DEF,40,0.0,0.0,0.0,1,1.8,90.0,1.0,9
Hjalmar Ekdal,3,DEF,40,-1.0,-50.0,-60.0,0,2.8666666666666667,90.0,3.666666666666667,3
Hugo Bueno López,1,DEF,45,-1.0,-300.0,-130.0,1,0.0,0.0,0.0,1
Hugo Bueno López,2,DEF,45,0.0,-100.0,50.0,0,2.2,18.0,1.0,0
Hugo Bueno López,3,DEF,45,0.0,-10.0,-20.0,1,2.4333333333333336,27.0,0.6666666666666667,1
Hugo Ekitiké,1,FWD,85,2.0,90.0,220.0,1,0.0,0.0,0.0,11
Hugo Ekitiké,2,FWD,86,1.0,90.0,250.0,0,11.4,71.0,11.0,9
Hugo Ekitiké,3,FWD,87,1.0,-10.0,30.0,1,10.433333333333334,73.66666666666667,10.333333333333334,2
Hwang Hee-chan,1,MID,60,-1.0,-300.0,-130.0,1,0.0,0.0,0.0,1
Hwang Hee-chan,2,MID,60,0.0,-100.0,50.0,0,1.3,8.0,1.0,1
Hwang Hee-chan,3,MID,59,0.0,-10.0,-20.0,1,0.8666666666666668,9.333333333333334,1.0,7
Hákon Rafn Valdimarsson,1,GK,40,0.0,-100.0,140.0,0,0.0,0.0,0.0,0
Hákon Rafn Valdimarsson,2,GK,40,0.0,-220.0,-40.0,1,0.0,0.0,0.0,0
Hákon Rafn Valdimarsson,3,GK,40,1.0,30.0,240.0,0,0.0,0.0,0.0,0
Ian Maatsen,1,DEF,45,-1.0,-210.0,-30.0,1,0.0,0.0,0.0,0
Ian Maatsen,2,DEF,45,0.0,40.0,220.0,0,0.0,0.0,0.0,1
Ian Maatsen,3,DEF,44,0.0,-80.0,10.0,1,0.9333333333333332,8.666666666666666,0.3333333333333333,1
Ian Poveda-Ocampo,1,MID,50,-1.0,-50.0,-50.0,1,0.0,0.0,0.0,0
Ian Poveda-Ocampo,2,MID,50,0.0,0.0,0.0,0,0.0,0.0,0.0,0
Ian Poveda-Ocampo,3,MID,49,-1.0,-240.0,-30.0,1,0.0,0.0,0.0,0
Ibrahim Sangaré,1,MID,50,0.0,-140.0,100.0,1,0.0,0.0,0.0,2
Ibrahim Sangaré,2,MID,50,0.0,70.0,60.0,0,0.7,90.0,2.0,2
Ibrahim Sangaré,3,MID,50,0.0,50.0,80.0,1,0.9333333333333333,89.0,2.0,4
Ibrahima Konaté,1,DEF,55,2.0,90.0,220.0,1,0.0,0.0,0.0,1
Ibrahima Konaté,2,DEF,55,1.0,90.0,250.0,0,2.2,90.0,1.0,0
Ibrahima Konaté,3,DEF,55,1.0,-10.0,30.0,1,1.9333333333333336,90.0,0.6666666666666667,6
Idrissa Gana Gueye,1,MID,55,1.0,90.0,40.0,0,0.0,0.0,0.0,2
Idrissa Gana Gueye,2,MID,55,0.0,-70.0,-80.0,1,3.0,90.0,2.0,3
Idrissa Gana Gueye,3,MID,55,0.0,20.0,10.0,0,2.6666666666666665,90.0,2.3333333333333335,2
Igor Jesus Maciel da Cruz,1,FWD,60,0.0,-140.0,100.0,1,0.0,0.0,0.0,1
Igor Jesus Maciel da Cruz,2,FWD,60,0.0,70.0,60.0,0,0.5,11.0,1.0,1
Igor Jesus Maciel da Cruz,3,FWD,59,0.0,50.0,80.0,1,0.4666666666666667,8.0,1.0,1
Igor Julio dos Santos de Paulo,1,DEF,45,0.0,-30.0,80.0,1,0.0,0.0,0.0,0
Igor Julio dos Santos de Paulo,2,DEF,45,0.0,80.0,70.0,0,0.0,0.0,0.0,0
Igor Julio dos Santos de Paulo,3,DEF,45,-1.0,-290.0,-40.0,1,0.0,0.0,0.0,0
Igor Thiago Nascimento Rodrigues,1,FWD,60,0.0,-100.0,140.0,0,0.0,0.0,0.0,6
Igor Thiago Nascimento Rodrigues,2,FWD,60,0.0,-220.0,-40.0,1,6.9,90.0,6.0,2
Igor Thiago Nascimento Rodrigues,3,FWD,60,1.0,30.0,240.0,0,5.866666666666667,90.0,4.666666666666667,6
Ilia Gruev,1,MID,50,-1.0,-40.0,-90.0,1,0.0,0.0,0.0,1
Ilia Gruev,2,MID,50,-2.0,-240.0,-250.0,0,0.2,12.0,1.0,2
Ilia Gruev,3,MID,50,-2.0,-270.0,-120.0,1,0.4666666666666667,38.0,1.3333333333333335,3
Iliman Ndiaye,1,MID,65,1.0,90.0,40.0,0,0.0,0.0,0.0,2
Iliman Ndiaye,2,MID,65,0.0,-70.0,-80.0,1,2.7,90.0,2.0,8
Iliman Ndiaye,3,MID,65,0.0,20.0,10.0,0,4.6,81.0,4.0,7
Illan Meslier,1,GK,45,-1.0,-40.0,-90.0,1,0.0,0.0,0.0,0
Illan Meslier,2,GK,45,-2.0,-240.0,-250.0,0,0.0,0.0,0.0,0
Illan Meslier,3,GK,45,-2.0,-270.0,-120.0,1,0.0,0.0,0.0,0
Illia Zabarnyi,1,DEF,50,-2.0,-220.0,-90.0,0,0.0,0.0,0.0,0
Illia Zabarnyi,2,DEF,50,0.0,-50.0,100.0,1,0.0,0.0,0.0,0
Illia Zabarnyi,3,DEF,50,0.0,0.0,100.0,0,0.0,0.0,0.0,0
Isaac Hayden,1,MID,45,1.0,30.0,210.0,0,0.0,0.0,0.0,0
Isaac Hayden,2,MID,45,-1.0,-250.0,-90.0,1,0.0,0.0,0.0,0
Isaac Hayden,3,MID,45,2.0,120.0,270.0,0,0.0,0.0,0.0,0
Isaac Heath,1,MID,45,1.0,90.0,40.0,0,0.0,0.0,0.0,0
Isaac Heath,2,MID,45,0.0,-70.0,-80.0,1,0.0,0.0,0.0,0
Isaac Heath,3,MID,45,0.0,20.0,10.0,0,0.0,0.0,0.0,0
Isaac Schmidt,1,DEF,40,-1.0,-40.0,-90.0,1,0.0,0.0,0.0,0
Isaac Schmidt,2,DEF,40,-2.0,-240.0,-250.0,0,0.0,0.0,0.0,0
Isaac Schmidt,3,DEF,40,-2.0,-270.0,-120.0,1,0.0,0.0,0.0,0
Ismaïla Sarr,1,MID,65,-1.0,-90.0,40.0,0,0.0,0.0,0.0,3
Ismaïla Sarr,2,MID,65,0.0,-60.0,-70.0,1,2.6,90.0,3.0,8
Ismaïla Sarr,3,MID,65,0.0,-10.0,80.0,0,3.6,90.0,4.666666666666666,7
Ismeal Kabia,1,MID,45,1.0,250.0,190.0,0,0.0,0.0,0.0,0
Ismeal Kabia,2,MID,45,2.0,250.0,240.0,1,0.0,0.0,0.0,0
Ismeal Kabia,3,MID,45,-1.0,-30.0,10.0,0,0.0,0.0,0.0,0
Issa Diop,1,DEF,45,0.0,-80.0,30.0,0,0.0,0.0,0.0,0
Issa Diop,2,DEF,45,0.0,-10.0,10.0,1,0.0,0.0,0.0,0
Issa Diop,3,DEF,45,-1.0,-90.0,-30.0,0,0.0,0.0,0.0,0
Iwan Morgan,1,FWD,45,0.0,-100.0,140.0,0,0.0,0.0,0.0,0
Iwan Morgan,2,FWD,45,0.0,-220.0,-40.0,1,0.0,0.0,0.0,0
Iwan Morgan,3,FWD,45,1.0,30.0,240.0,0,0.0,0.0,0.0,0
Jack Fletcher,1,MID,45,-1.0,-190.0,-250.0,1,0.0,0.0,0.0,0
Jack Fletcher,2,MID,45,0.0,-10.0,10.0,0,0.0,0.0,0.0,0
Jack Fletcher,3,MID,45,1.0,60.0,50.0,1,0.0,0.0,0.0,0
Jack Grealish,1,MID,65,1.0,90.0,40.0,0,0.0,0.0,0.0,1
Jack Grealish,2,MID,65,0.0,-70.0,-80.0,1,1.2,19.0,1.0,11
Jack Grealish,3,MID,66,0.0,20.0,10.0,0,4.0,42.66666666666667,4.333333333333333,10
Jack Harrison,1,MID,55,-1.0,-40.0,-90.0,1,0.0,0.0,0.0,1
Jack Harrison,2,MID,55,-2.0,-240.0,-250.0,0,0.6,12.0,1.0,0
Jack Harrison,3,MID,54,-2.0,-270.0,-120.0,1,0.4,8.0,0.6666666666666667,1
Jack Hinshelwood,1,MID,55,0.0,-30.0,80.0,1,0.0,0.0,0.0,0
Jack Hinshelwood,2,MID,54,0.0,80.0,70.0,0,0.0,0.0,0.0,1
Jack Hinshelwood,3,MID,54,-1.0,-290.0,-40.0,1,0.19999999999999998,15.0,0.3333333333333333,2
Jack Moorhouse,1,MID,45,-1.0,-190.0,-250.0,1,0.0,0.0,0.0,0
Jack Moorhouse,2,MID,45,0.0,-10.0,10.0,0,0.0,0.0,0.0,0
Jack Moorhouse,3,MID,45,1.0,60.0,50.0,1,0.0,0.0,0.0,0
Jackson Tchatchoua,2,DEF,45,0.0,-100.0,50.0,0,0.0,0.0,0.0,1
Jackson Tchatchoua,3,DEF,45,0.0,-10.0,-20.0,1,2.9,55.0,1.0,1
Jacob Bruun Larsen,1,MID,55,-1.0,-110.0,-50.0,0,0.0,0.0,0.0,1
Jacob Bruun Larsen,2,MID,55,0.0,0.0,0.0,1,1.2,27.0,1.0,3
Jacob Bruun Larsen,3,MID,54,-1.0,-50.0,-60.0,0,0.9333333333333333,40.66666666666667,1.6666666666666667,5
Jacob Murphy,1,MID,65,1.0,30.0,210.0,0,0.0,0.0,0.0,1
Jacob Murphy,2,MID,64,-1.0,-250.0,-90.0,1,0.6,12.0,1.0,0
Jacob Murphy,3,MID,63,2.0,120.0,270.0,0,0.4,8.0,0.6666666666666667,3
Jacob Ramsey,1,MID,55,-1.0,-210.0,-30.0,1,0.0,0.0,0.0,0
Jacob Ramsey,2,MID,55,-1.0,-250.0,-90.0,1,0.0,0.0,0.0,1
Jacob Ramsey,3,MID,55,2.0,120.0,270.0,0,0.5,4.666666666666666,0.3333333333333333,1
Jacob Slater,1,DEF,40,0.0,-30.0,80.0,1,0.0,0.0,0.0,0
Jacob Slater,2,DEF,40,0.0,80.0,70.0,0,0.0,0.0,0.0,0
Jacob Slater,3,DEF,40,-1.0,-290.0,-40.0,1,0.0,0.0,0.0,0
Jadon Sancho,1,MID,60,-1.0,-190.0,-250.0,1,0.0,0.0,0.0,0
Jadon Sancho,2,MID,60,0.0,-10.0,10.0,0,0.0,0.0,0.0,0
Jadon Sancho,3,MID,59,1.0,60.0,50.0,1,0.0,0.0,0.0,0
Jaidon Anthony,1,MID,55,-1.0,-110.0,-50.0,0,0.0,0.0,0.0,2
Jaidon Anthony,2,MID,55,0.0,0.0,0.0,1,6.5,84.0,2.0,13
Jaidon Anthony,3,MID,55,-1.0,-50.0,-60.0,0,7.7,86.0,5.666666666666666,6
Jair Paula da Cunha Filho,1,DEF,45,0.0,-140.0,100.0,1,0.0,0.0,0.0,0
Jair Paula da Cunha Filho,2,DEF,45,0.0,70.0,60.0,0,0.0,0.0,0.0,0
Jair Paula da Cunha Filho,3,DEF,45,0.0,50.0,80.0,1,0.0,0.0,0.0,0
Jaka Bijol,1,DEF,40,-1.0,-40.0,-90.0,1,0.0,0.0,0.0,0
Jaka Bijol,2,DEF,40,-2.0,-240.0,-250.0,0,0.0,0.0,0.0,0
Jaka Bijol,3,DEF,40,-2.0,-270.0,-120.0,1,0.0,0.0,0.0,0
Jake O'Brien,1,DEF,50,1.0,90.0,40.0,0,0.0,0.0,0.0,2
Jake O'Brien,2,DEF,50,0.0,-70.0,-80.0,1,1.2,90.0,2.0,6
Jake O'Brien,3,DEF,50,0.0,20.0,10.0,0,1.4666666666666668,90.0,3.3333333333333335,1
Jakub Kiwior,1,DEF,55,1.0,250.0,190.0,0,0.0,0.0,0.0,0
Jakub Kiwior,2,DEF,55,2.0,250.0,240.0,1,0.0,0.0,0.0,0
Jakub Kiwior,3,DEF,54,-1.0,-30.0,10.0,0,0.0,0.0,0.0,0
Jamaal Lascelles,1,DEF,45,1.0,30.0,210.0,0,0.0,0.0,0.0,0
Jamaal Lascelles,2,DEF,45,-1.0,-250.0,-90.0,1,0.0,0.0,0.0,0
Jamaal Lascelles,3,DEF,45,2.0,120.0,270.0,0,0.0,0.0,0.0,0
Jamaldeen Jimoh-Aloba,1,MID,45,-1.0,-210.0,-30.0,1,0.0,0.0,0.0,0
Jamaldeen Jimoh-Aloba,2,MID,45,0.0,40.0,220.0,0,0.0,0.0,0.0,0
Jamaldeen Jimoh-Aloba,3,MID,45,0.0,-80.0,10.0,1,0.0,0.0,0.0,0
James Garner,1,MID,50,1.0,90.0,40.0,0,0.0,0.0,0.0,2
James Garner,2,MID,50,0.0,-70.0,-80.0,1,2.2,90.0,2.0,10
James Garner,3,MID,50,0.0,20.0,10.0,0,4.433333333333334,90.0,4.666666666666666,4
James Hill,1,DEF,40,-2.0,-220.0,-90.0,0,0.0,0.0,0.0,1
James Hill,2,DEF,40,0.0,-50.0,100.0,1,0.3,1.0,1.0,1
James Hill,3,DEF,40,0.0,0.0,100.0,0,0.23333333333333334,1.3333333333333335,1.0,5
James Justin,3,DEF,40,-2.0,-270.0,-120.0,1,0.0,0.0,0.0,1
James Maddison,1,MID,70,1.0,50.0,110.0,1,0.0,0.0,0.0,0
James Maddison,2,MID,70,-1.0,-200.0,0.0,0,0.0,0.0,0.0,0
James Maddison,3,MID,69,0.0,-100.0,0.0,1,0.0,0.0,0.0,0
James McAtee,1,MID,55,1.0,130.0,300.0,0,0.0,0.0,0.0,0
James McAtee,2,MID,55,0.0,70.0,60.0,0,0.0,0.0,0.0,1
James McAtee,3,MID,55,0.0,50.0,80.0,1,0.5,6.0,0.3333333333333333,1
James McConnell,1,MID,45,2.0,90.0,220.0,1,0.0,0.0,0.0,0
James McConnell,2,MID,45,1.0,90.0,250.0,0,0.0,0.0,0.0,0
James McConnell,3,MID,45,1.0,-10.0,30.0,1,0.0,0.0,0.0,0
James Milner,1,MID,50,0.0,-30.0,80.0,1,0.0,0.0,0.0,1
James Milner,2,MID,50,0.0,80.0,70.0,0,0.0,2.0,1.0,0
James Milner,3,MID,50,-1.0,-290.0,-40.0,1,0.0,1.3333333333333335,0.6666666666666667,6
James Tarkowski,1,DEF,55,1.0,90.0,40.0,0,0.0,0.0,0.0,4
James Tarkowski,2,DEF,55,0.0,-70.0,-80.0,1,4.0,90.0,4.0,8
James Tarkowski,3,DEF,55,0.0,20.0,10.0,0,3.266666666666667,90.0,5.333333333333334,3
James Trafford,1,GK,50,1.0,130.0,300.0,0,0.0,0.0,0.0,7
James Trafford,2,GK,50,1.0,0.0,200.0,1,2.9,90.0,7.0,2
James Trafford,3,GK,50,1.0,40.0,290.0,0,2.966666666666667,90.0,5.333333333333334,2
James Ward-Prowse,1,MID,60,1.0,50.0,50.0,0,0.0,0.0,0.0,2
James Ward-Prowse,2,MID,60,-1.0,-200.0,-90.0,1,2.3,70.0,2.0,2
James Ward-Prowse,3,MID,59,0.0,-80.0,-50.0,0,4.133333333333333,76.66666666666667,2.0,3
James Wright,1,GK,40,-1.0,-210.0,-30.0,1,0.0,0.0,0.0,0
James Wright,2,GK,40,0.0,40.0,220.0,0,0.0,0.0,0.0,0
James Wright,3,GK,40,0.0,-80.0,10.0,1,0.0,0.0,0.0,0
Jamie Bynoe-Gittens,1,MID,65,1.0,-40.0,90.0,1,0.0,0.0,0.0,1
Jamie Bynoe-Gittens,2,MID,65,1.0,90.0,200.0,0,3.8,53.0,1.0,1
Jamie Bynoe-Gittens,3,MID,64,1.0,30.0,90.0,1,2.9000000000000004,39.66666666666667,1.0,1
Jan Paul van Hecke,1,DEF,45,0.0,-30.0,80.0,1,0.0,0.0,0.0,2
Jan Paul van Hecke,2,DEF,45,0.0,80.0,70.0,0,2.9,90.0,2.0,1
Jan Paul van Hecke,3,DEF,45,-1.0,-290.0,-40.0,1,2.7333333333333334,90.0,1.6666666666666667,1
Jarrad Branthwaite,1,DEF,55,1.0,90.0,40.0,0,0.0,0.0,0.0,0
Jarrad Branthwaite,2,DEF,54,0.0,-70.0,-80.0,1,0.0,0.0,0.0,0
Jarrad Branthwaite,3,DEF,54,0.0,20.0,10.0,0,0.0,0.0,0.0,0
Jarrod Bowen,1,FWD,80,1.0,50.0,50.0,0,0.0,0.0,0.0,2
Jarrod Bowen,2,FWD,79,-1.0,-200.0,-90.0,1,4.9,90.0,2.0,2
Jarrod Bowen,3,FWD,78,0.0,-80.0,-50.0,0,5.300000000000001,90.0,2.0,9
Jason Steele,1,GK,45,0.0,-30.0,80.0,1,0.0,0.0,0.0,0
Jason Steele,2,GK,45,0.0,80.0,70.0,0,0.0,0.0,0.0,0
Jason Steele,3,GK,45,-1.0,-290.0,-40.0,1,0.0,0.0,0.0,0
Jay Matete,1,MID,45,-1.0,-50.0,-50.0,1,0.0,0.0,0.0,0
Jay Matete,2,MID,45,0.0,0.0,0.0,0,0.0,0.0,0.0,0
Jay Matete,3,MID,45,-1.0,-240.0,-30.0,1,0.0,0.0,0.0,0
Jayce Fitzgerald,1,MID,45,-1.0,-190.0,-250.0,1,0.0,0.0,0.0,0
Jayce Fitzgerald,2,MID,45,0.0,-10.0,10.0,0,0.0,0.0,0.0,0
Jayce Fitzgerald,3,MID,45,1.0,60.0,50.0,1,0.0,0.0,0.0,0
Jayden Bogle,1,DEF,45,-1.0,-40.0,-90.0,1,0.0,0.0,0.0,6
Jayden Bogle,2,DEF,45,-2.0,-240.0,-250.0,0,1.7,90.0,6.0,-1
Jayden Bogle,3,DEF,45,-2.0,-270.0,-120.0,1,1.4000000000000001,87.33333333333334,3.6666666666666665,6
Jayden Danns,1,FWD,45,2.0,90.0,220.0,1,0.0,0.0,0.0,0
Jayden Danns,2,FWD,45,1.0,90.0,250.0,0,0.0,0.0,0.0,0
Jayden Danns,3,FWD,44,1.0,-10.0,30.0,1,0.0,0.0,0.0,0
Jayden Meghoma,1,DEF,40,0.0,-100.0,140.0,0,0.0,0.0,0.0,0
Jayden Meghoma,2,DEF,40,0.0,-220.0,-40.0,1,0.0,0.0,0.0,0
Jayden Meghoma,3,DEF,40,1.0,30.0,240.0,0,0.0,0.0,0.0,0
Jaydon Banel,1,MID,45,-1.0,-110.0,-50.0,0,0.0,0.0,0.0,0
Jaydon Banel,2,MID,45,0.0,0.0,0.0,1,0.0,0.0,0.0,0
Jaydon Banel,3,MID,45,-1.0,-50.0,-60.0,0,0.0,0.0,0.0,0
Jean-Clair Todibo,1,DEF,45,1.0,50.0,50.0,0,0.0,0.0,0.0,1
Jean-Clair Todibo,2,DEF,45,-1.0,-200.0,-90.0,1,2.3,81.0,1.0,0
Jean-Clair Todibo,3,DEF,44,0.0,-80.0,-50.0,0,1.7333333333333334,69.0,0.6666666666666667,0
Jean-Philippe Mateta,1,FWD,75,-1.0,-90.0,40.0,0,0.0,0.0,0.0,1
Jean-Philippe Mateta,2,FWD,75,0.0,-60.0,-70.0,1,4.3,90.0,1.0,2
Jean-Philippe Mateta,3,FWD,75,0.0,-10.0,80.0,0,3.3333333333333335,89.0,1.3333333333333335,5
Jean-Ricner Bellegarde,1,MID,55,-1.0,-300.0,-130.0,1,0.0,0.0,0.0,2
Jean-Ricner Bellegarde,2,MID,55,0.0,-100.0,50.0,0,2.7,72.0,2.0,1
Jean-Ricner Bellegarde,3,MID,55,0.0,-10.0,-20.0,1,2.1333333333333337,63.00000000000001,1.6666666666666667,1
Jefferson Lerma Solís,1,MID,50,-1.0,-90.0,40.0,0,0.0,0.0,0.0,1
Jefferson Lerma Solís,2,MID,50,0.0,-60.0,-70.0,1,0.4,20.0,1.0,1
Jefferson Lerma Solís,3,MID,50,0.0,-10.0,80.0,0,0.43333333333333335,16.000000000000004,1.0,1
Jenson Metcalfe,1,MID,45,1.0,90.0,40.0,0,0.0,0.0,0.0,0
Jenson Metcalfe,2,MID,45,0.0,-70.0,-80.0,1,0.0,0.0,0.0,0
Jenson Metcalfe,3,MID,45,0.0,20.0,10.0,0,0.0,0.0,0.0,0
Jenson Seelt,1,DEF,40,-1.0,-50.0,-50.0,1,0.0,0.0,0.0,1
Jenson Seelt,2,DEF,40,0.0,0.0,0.0,0,1.6,52.0,1.0,1
Jenson Seelt,3,DEF,40,-1.0,-240.0,-30.0,1,1.7333333333333334,61.66666666666667,1.0,0
Jeremie Frimpong,1,DEF,60,2.0,90.0,220.0,1,0.0,0.0,0.0,1
Jeremie Frimpong,2,DEF,60,1.0,90.0,250.0,0,0.9,59.0,1.0,0
Jeremie Frimpong,3,DEF,59,1.0,-10.0,30.0,1,0.6000000000000001,39.333333333333336,0.6666666666666667,0
Jeremy Sarmiento Morante,1,MID,50,0.0,-30.0,80.0,1,0.0,0.0,0.0,0
Jeremy Sarmiento Morante,2,MID,50,0.0,80.0,70.0,0,0.0,0.0,0.0,0
Jeremy Sarmiento Morante,3,MID,49,-1.0,-290.0,-40.0,1,0.0,0.0,0.0,0
Jesurun Rak-Sakyi,1,MID,45,-1.0,-90.0,40.0,0,0.0,0.0,0.0,0
Jesurun Rak-Sakyi,2,MID,45,0.0,-60.0,-70.0,1,0.0,0.0,0.0,0
Jesurun Rak-Sakyi,3,MID,45,0.0,-10.0,80.0,0,0.0,0.0,0.0,0
Jhon Arias,1,MID,55,-1.0,-300.0,-130.0,1,0.0,0.0,0.0,1
Jhon Arias,2,MID,55,0.0,-100.0,50.0,0,1.6,17.0,1.0,1
Jhon Arias,3,MID,54,0.0,-10.0,-20.0,1,1.4333333333333336,29.666666666666664,1.0,2
Joachim Andersen,1,DEF,45,0.0,-80.0,30.0,0,0.0,0.0,0.0,2
Joachim Andersen,2,DEF,45,0.0,-10.0,10.0,1,2.1,90.0,2.0,4
Joachim Andersen,3,DEF,45,-1.0,-90.0,-30.0,0,2.8,90.0,2.666666666666667,3
Joe Anderson,1,DEF,40,-1.0,-50.0,-50.0,1,0.0,0.0,0.0,0
Joe Anderson,2,DEF,40,0.0,0.0,0.0,0,0.0,0.0,0.0,0
Joe Anderson,3,DEF,40,-1.0,-240.0,-30.0,1,0.0,0.0,0.0,0
Joe Gauci,1,GK,40,-1.0,-210.0,-30.0,1,0.0,0.0,0.0,0
Joe Gauci,2,GK,40,0.0,40.0,220.0,0,0.0,0.0,0.0,0
Joe Gauci,3,GK,40,0.0,-80.0,10.0,1,0.0,0.0,0.0,0
Joe Gelhardt,1,MID,45,-1.0,-40.0,-90.0,1,0.0,0.0,0.0,0
Joe Gelhardt,2,MID,45,-2.0,-240.0,-250.0,0,0.0,0.0,0.0,0
Joe Gelhardt,3,MID,45,-2.0,-270.0,-120.0,1,0.0,0.0,0.0,0
Joe Gomez,1,DEF,50,2.0,90.0,220.0,1,0.0,0.0,0.0,1
Joe Gomez,2,DEF,50,1.0,90.0,250.0,0,0.3,18.0,1.0,0
Joe Gomez,3,DEF,50,1.0,-10.0,30.0,1,0.2,12.000000000000002,0.6666666666666667,1
Joe Hodge,1,MID,45,-1.0,-300.0,-130.0,1,0.0,0.0,0.0,0
Joe Hodge,2,MID,45,0.0,-100.0,50.0,0,0.0,0.0,0.0,0
Joe Hodge,3,MID,45,0.0,-10.0,-20.0,1,0.0,0.0,0.0,0
Joe Knight,1,MID,45,0.0,-30.0,80.0,1,0.0,0.0,0.0,0
Joe Knight,2,MID,45,0.0,80.0,70.0,0,0.0,0.0,0.0,0
Joe Knight,3,MID,45,-1.0,-290.0,-40.0,1,0.0,0.0,0.0,0
Joe Rodon,1,DEF,40,-1.0,-40.0,-90.0,1,0.0,0.0,0.0,7
Joe Rodon,2,DEF,40,-2.0,-240.0,-250.0,0,1.5,90.0,7.0,2
Joe Rodon,3,DEF,40,-2.0,-270.0,-120.0,1,1.9666666666666666,90.0,5.333333333333334,7
Joe White,1,MID,45,1.0,30.0,210.0,0,0.0,0.0,0.0,0
Joe White,2,MID,45,-1.0,-250.0,-90.0,1,0.0,0.0,0.0,0
Joe White,3,MID,45,2.0,120.0,270.0,0,0.0,0.0,0.0,0
Joe Willock,1,MID,50,1.0,30.0,210.0,0,0.0,0.0,0.0,0
Joe Willock,2,MID,50,-1.0,-250.0,-90.0,1,0.0,0.0,0.0,0
Joe Willock,3,MID,50,2.0,120.0,270.0,0,0.0,0.0,0.0,0
Joe Worrall,1,DEF,40,-1.0,-110.0,-50.0,0,0.0,0.0,0.0,0
Joe Worrall,2,DEF,40,0.0,0.0,0.0,1,0.0,0.0,0.0,1
Joe Worrall,3,DEF,40,-1.0,-50.0,-60.0,0,0.19999999999999998,2.333333333333333,0.3333333333333333,1
Joelinton Cássio Apolinário de Lira,1,MID,60,1.0,30.0,210.0,0,0.0,0.0,0.0,2
Joelinton Cássio Apolinário de Lira,2,MID,60,-1.0,-250.0,-90.0,1,1.5,82.0,2.0,2
Joelinton Cássio Apolinário de Lira,3,MID,60,2.0,120.0,270.0,0,1.4666666666666666,79.66666666666667,2.0,0
John McGinn,1,MID,55,-1.0,-210.0,-30.0,1,0.0,0.0,0.0,3
John McGinn,2,MID,55,0.0,40.0,220.0,0,3.0,83.0,3.0,2
John McGinn,3,MID,55,0.0,-80.0,10.0,1,4.133333333333333,79.66666666666667,2.6666666666666665,2
John Stones,1,DEF,55,1.0,130.0,300.0,0,0.0,0.0,0.0,6
John Stones,2,DEF,55,1.0,0.0,200.0,1,1.7,81.0,6.0,1
John Stones,3,DEF,55,1.0,40.0,290.0,0,2.0,84.0,4.333333333333333,1
Jordan Beyer,1,DEF,40,-1.0,-110.0,-50.0,0,0.0,0.0,0.0,0
Jordan Beyer,2,DEF,40,0.0,0.0,0.0,1,0.0,0.0,0.0,0
Jordan Beyer,3,DEF,40,-1.0,-50.0,-60.0,0,0.0,0.0,0.0,0
Jordan Henderson,1,MID,50,0.0,-100.0,140.0,0,0.0,0.0,0.0,1
Jordan Henderson,2,MID,50,0.0,-220.0,-40.0,1,0.1,21.0,1.0,3
Jordan Henderson,3,MID,50,1.0,30.0,240.0,0,0.6333333333333333,36.666666666666664,1.6666666666666667,3
Jordan Pickford,1,GK,55,1.0,90.0,40.0,0,0.0,0.0,0.0,2
Jordan Pickford,2,GK,55,0.0,-70.0,-80.0,1,2.1,90.0,2.0,15
Jordan Pickford,3,GK,55,0.0,20.0,10.0,0,3.0666666666666664,90.0,6.333333333333334,1
Jorge Cuenca Barreno,1,DEF,45,0.0,-80.0,30.0,0,0.0,0.0,0.0,2
Jorge Cuenca Barreno,2,DEF,45,0.0,-10.0,10.0,1,1.5,83.0,2.0,0
Jorge Cuenca Barreno,3,DEF,45,-1.0,-90.0,-30.0,0,1.0,55.33333333333334,1.3333333333333335,0
Jorrel Hato,1,DEF,50,1.0,-40.0,90.0,1,0.0,0.0,0.0,0
Jorrel Hato,2,DEF,50,1.0,90.0,200.0,0,0.0,0.0,0.0,0
Jorrel Hato,3,DEF,49,1.0,30.0,90.0,1,0.06666666666666667,7.0,0.0,0
Josh Acheampong,1,DEF,40,1.0,-40.0,90.0,1,0.0,0.0,0.0,9
Josh Acheampong,2,DEF,40,1.0,90.0,200.0,0,2.9,90.0,9.0,0
Josh Acheampong,3,DEF,40,1.0,30.0,90.0,1,1.9333333333333336,60.00000000000001,6.000000000000001,0
Josh Cullen,1,MID,50,-1.0,-110.0,-50.0,0,0.0,0.0,0.0,4
Josh Cullen,2,MID,50,0.0,0.0,0.0,1,8.3,90.0,4.0,14
Josh Cullen,3,MID,50,-1.0,-50.0,-60.0,0,9.0,90.0,7.333333333333333,2
Josh King,1,MID,45,0.0,-80.0,30.0,0,0.0,0.0,0.0,2
Josh King,2,MID,45,0.0,-10.0,10.0,1,5.3,76.0,2.0,2
Josh King,3,MID,45,-1.0,-90.0,-30.0,0,4.5,74.0,2.0,2
Josh Laurent,1,MID,50,-1.0,-110.0,-50.0,0,0.0,0.0,0.0,2
Josh Laurent,2,MID,50,0.0,0.0,0.0,1,4.2,62.0,2.0,1
Josh Laurent,3,MID,50,-1.0,-50.0,-60.0,0,3.2,48.333333333333336,1.6666666666666667,0
Josh Nichols,1,DEF,40,1.0,250.0,190.0,0,0.0,0.0,0.0,0
Josh Nichols,2,DEF,40,2.0,250.0,240.0,1,0.0,0.0,0.0,0
Josh Nichols,3,DEF,40,-1.0,-30.0,10.0,0,0.0,0.0,0.0,0
Joshua Zirkzee,1,FWD,60,-1.0,-190.0,-250.0,1,0.0,0.0,0.0,0
Joshua Zirkzee,2,FWD,60,0.0,-10.0,10.0,0,0.0,0.0,0.0,0
Joshua Zirkzee,3,FWD,59,1.0,60.0,50.0,1,0.0,0.0,0.0,1
José Malheiro de Sá,1,GK,45,-1.0,-300.0,-130.0,1,0.0,0.0,0.0,0
José Malheiro de Sá,2,GK,45,0.0,-100.0,50.0,0,0.4,90.0,0.0,3
José Malheiro de Sá,3,GK,45,0.0,-10.0,-20.0,1,1.2999999999999998,90.0,1.0,1
João Maria Lobo Alves Palhares Costa Palhinha Gonçalves,1,MID,55,1.0,50.0,110.0,1,0.0,0.0,0.0,1
João Maria Lobo Alves Palhares Costa Palhinha Gonçalves,2,MID,55,-1.0,-200.0,0.0,0,0.1,10.0,1.0,11
João Maria Lobo Alves Palhares Costa Palhinha Gonçalves,3,MID,55,0.0,-100.0,0.0,1,2.4,36.66666666666667,4.333333333333333,1
João Pedro Ferreira da Silva,1,MID,55,0.0,-140.0,100.0,1,0.0,0.0,0.0,1
João Pedro Ferreira da Silva,2,MID,55,0.0,70.0,60.0,0,1.0,11.0,1.0,0
João Pedro Ferreira da Silva,3,MID,54,0.0,50.0,80.0,1,0.6666666666666667,7.333333333333334,0.6666666666666667,0
João Pedro Junqueira de Jesus,1,FWD,75,1.0,-40.0,90.0,1,0.0,0.0,0.0,2
João Pedro Junqueira de Jesus,2,FWD,75,1.0,90.0,200.0,0,1.9,72.0,2.0,15
João Pedro Junqueira de Jesus,3,FWD,76,1.0,30.0,90.0,1,6.233333333333333,78.0,6.333333333333334,9
João Victor Gomes da Silva,1,MID,55,-1.0,-300.0,-130.0,1,0.0,0.0,0.0,2
João Victor Gomes da Silva,2,MID,55,0.0,-100.0,50.0,0,3.8,90.0,2.0,1
João Victor Gomes da Silva,3,MID,55,0.0,-10.0,-20.0,1,3.0000000000000004,90.0,1.6666666666666667,2
Joël Piroe,1,FWD,55,-1.0,-40.0,-90.0,1,0.0,0.0,0.0,2
Joël Piroe,2,FWD,55,-2.0,-240.0,-250.0,0,5.2,77.0,2.0,1
Joël Piroe,3,FWD,54,-2.0,-270.0,-120.0,1,3.5000000000000004,70.33333333333334,1.6666666666666667,0
Joël Veltman,1,DEF,45,0.0,-30.0,80.0,1,0.0,0.0,0.0,0
Joël Veltman,2,DEF,45,0.0,80.0,70.0,0,0.0,0.0,0.0,0
Joël Veltman,3,DEF,44,-1.0,-290.0,-40.0,1,0.0,0.0,0.0,1
Joško Gvardiol,1,DEF,60,1.0,130.0,300.0,0,0.0,0.0,0.0,0
Joško Gvardiol,2,DEF,59,1.0,0.0,200.0,1,0.0,0.0,0.0,0
Joško Gvardiol,3,DEF,59,1.0,40.0,290.0,0,0.0,0.0,0.0,0
Julian Eyestone,1,GK,40,0.0,-100.0,140.0,0,0.0,0.0,0.0,0
Julian Eyestone,2,GK,40,0.0,-220.0,-40.0,1,0.0,0.0,0.0,0
Julian Eyestone,3,GK,40,1.0,30.0,240.0,0,0.0,0.0,0.0,0
Julio Enciso Espínola,1,MID,55,0.0,-30.0,80.0,1,0.0,0.0,0.0,0
Julio Enciso Espínola,2,MID,55,0.0,80.0,70.0,0,0.0,0.0,0.0,0
Julio Enciso Espínola,3,MID,54,-1.0,-290.0,-40.0,1,0.0,0.0,0.0,0
Julio Soler Barreto,1,DEF,40,-2.0,-220.0,-90.0,0,0.0,0.0,0.0,0
Julio Soler Barreto,2,DEF,40,0.0,-50.0,100.0,1,0.0,0.0,0.0,0
Julio Soler Barreto,3,DEF,40,0.0,0.0,100.0,0,0.0,0.0,0.0,0
Julián Araujo Zúñiga,1,DEF,40,-2.0,-220.0,-90.0,0,0.0,0.0,0.0,0
Julián Araujo Zúñiga,2,DEF,40,0.0,-50.0,100.0,1,0.0,0.0,0.0,0
Julián Araujo Zúñiga,3,DEF,40,0.0,0.0,100.0,0,0.0,0.0,0.0,0
Jurriën Timber,1,DEF,55,1.0,250.0,190.0,0,0.0,0.0,0.0,0
Jurriën Timber,2,DEF,55,2.0,250.0,240.0,1,0.3,19.0,0.0,24
Jurriën Timber,3,DEF,56,-1.0,-30.0,10.0,0,6.833333333333333,33.66666666666667,8.0,2
Justin Devenny,1,MID,45,-1.0,-90.0,40.0,0,0.0,0.0,0.0,1
Justin Devenny,2,MID,45,0.0,-60.0,-70.0,1,0.5,6.0,1.0,2
Justin Devenny,3,MID,45,0.0,-10.0,80.0,0,1.4,25.666666666666664,1.3333333333333335,1
Justin Kluivert,1,MID,70,-2.0,-220.0,-90.0,0,0.0,0.0,0.0,0
Justin Kluivert,2,MID,70,0.0,-50.0,100.0,1,0.0,0.0,0.0,1
Justin Kluivert,3,MID,70,0.0,0.0,100.0,0,0.6,4.0,0.3333333333333333,1
Jérémy Doku,1,MID,65,1.0,130.0,300.0,0,0.0,0.0,0.0,3
Jérémy Doku,2,MID,65,1.0,0.0,200.0,1,0.6,65.0,3.0,1
Jérémy Doku,3,MID,64,1.0,40.0,290.0,0,1.1333333333333333,55.333333333333336,2.3333333333333335,1
Jørgen Strand Larsen,1,FWD,65,-1.0,-300.0,-130.0,1,0.0,0.0,0.0,2
Jørgen Strand Larsen,2,FWD,65,0.0,-100.0,50.0,0,5.8,81.0,2.0,2
Jørgen Strand Larsen,3,FWD,65,0.0,-10.0,-20.0,1,4.866666666666667,79.66666666666667,2.0,0
Kadan Young,1,MID,45,-1.0,-210.0,-30.0,1,0.0,0.0,0.0,0
Kadan Young,2,MID,45,0.0,40.0,220.0,0,0.0,0.0,0.0,0
Kadan Young,3,MID,45,0.0,-80.0,10.0,1,0.0,0.0,0.0,0
Kaden Rodney,1,MID,45,-1.0,-90.0,40.0,0,0.0,0.0,0.0,0
Kaden Rodney,2,MID,45,0.0,-60.0,-70.0,1,0.0,0.0,0.0,0
Kaden Rodney,3,MID,45,0.0,-10.0,80.0,0,0.0,0.0,0.0,0
Kaelan Casey,1,DEF,40,1.0,50.0,50.0,0,0.0,0.0,0.0,0
Kaelan Casey,2,DEF,40,-1.0,-200.0,-90.0,1,0.0,0.0,0.0,0
Kaelan Casey,3,DEF,40,0.0,-80.0,-50.0,0,0.0,0.0,0.0,0
Kai Havertz,1,FWD,75,1.0,250.0,190.0,0,0.0,0.0,0.0,1
Kai Havertz,2,FWD,75,2.0,250.0,240.0,1,0.6,30.0,1.0,0
Kai Havertz,3,FWD,74,-1.0,-30.0,10.0,0,0.4,20.000000000000004,0.6666666666666667,0
Kalvin Phillips,1,MID,50,1.0,130.0,300.0,0,0.0,0.0,0.0,0
Kalvin Phillips,2,MID,50,1.0,0.0,200.0,1,0.0,0.0,0.0,0
Kalvin Phillips,3,MID,49,1.0,40.0,290.0,0,0.0,0.0,0.0,0
Karl Darlow,1,GK,40,-1.0,-40.0,-90.0,1,0.0,0.0,0.0,0
Karl Darlow,2,GK,40,-2.0,-240.0,-250.0,0,0.0,0.0,0.0,0
Karl Darlow,3,GK,40,-2.0,-270.0,-120.0,1,0.0,0.0,0.0,0
Karl Hein,1,GK,40,1.0,250.0,190.0,0,0.0,0.0,0.0,0
Karl Hein,2,GK,40,2.0,250.0,240.0,1,0.0,0.0,0.0,0
Karl Hein,3,GK,40,-1.0,-30.0,10.0,0,0.0,0.0,0.0,0
Keane Lewis-Potter,1,DEF,50,0.0,-100.0,140.0,0,0.0,0.0,0.0,1
Keane Lewis-Potter,2,DEF,50,0.0,-220.0,-40.0,1,1.7,68.0,1.0,6
Keane Lewis-Potter,3,DEF,50,1.0,30.0,240.0,0,1.5000000000000002,75.33333333333334,2.666666666666667,6
Kendry Páez Andrade,1,MID,45,1.0,-40.0,90.0,1,0.0,0.0,0.0,0
Kendry Páez Andrade,2,MID,45,1.0,90.0,200.0,0,0.0,0.0,0.0,0
Kendry Páez Andrade,3,MID,45,1.0,30.0,90.0,1,0.0,0.0,0.0,0
Kenny Tete,1,DEF,45,0.0,-80.0,30.0,0,0.0,0.0,0.0,2
Kenny Tete,2,DEF,45,0.0,-10.0,10.0,1,1.5,90.0,2.0,2
Kenny Tete,3,DEF,45,-1.0,-90.0,-30.0,0,2.5,90.0,2.0,3
Kepa Arrizabalaga Revuelta,1,GK,45,1.0,250.0,190.0,0,0.0,0.0,0.0,0
Kepa Arrizabalaga Revuelta,2,GK,45,2.0,250.0,240.0,1,0.0,0.0,0.0,0
Kepa Arrizabalaga Revuelta,3,GK,44,-1.0,-30.0,10.0,0,0.0,0.0,0.0,0
Kevin Danso,1,DEF,45,1.0,50.0,110.0,1,0.0,0.0,0.0,0
Kevin Danso,2,DEF,45,-1.0,-200.0,0.0,0,0.0,0.0,0.0,1
Kevin Danso,3,DEF,44,0.0,-100.0,0.0,1,0.13333333333333333,0.3333333333333333,0.3333333333333333,0
Kevin Schade,1,MID,70,0.0,-100.0,140.0,0,0.0,0.0,0.0,1
Kevin Schade,2,MID,70,0.0,-220.0,-40.0,1,1.2,45.0,1.0,3
Kevin Schade,3,MID,70,1.0,30.0,240.0,0,2.2333333333333334,56.0,1.6666666666666667,0
Ki-Jana Hoever,1,DEF,40,-1.0,-300.0,-130.0,1,0.0,0.0,0.0,1
Ki-Jana Hoever,2,DEF,40,0.0,-100.0,50.0,0,3.7,72.0,1.0,1
Ki-Jana Hoever,3,DEF,40,0.0,-10.0,-20.0,1,3.2000000000000006,59.33333333333334,1.0,0
Kieran Trippier,1,DEF,50,1.0,30.0,210.0,0,0.0,0.0,0.0,6
Kieran Trippier,2,DEF,50,-1.0,-250.0,-90.0,1,3.2,90.0,6.0,1
Kieran Trippier,3,DEF,50,2.0,120.0,270.0,0,2.5000000000000004,85.0,4.333333333333333,6
Kiernan Dewsbury-Hall,1,MID,50,1.0,90.0,40.0,0,0.0,0.0,0.0,2
Kiernan Dewsbury-Hall,2,MID,50,0.0,-70.0,-80.0,1,4.2,90.0,2.0,2
Kiernan Dewsbury-Hall,3,MID,50,0.0,20.0,10.0,0,4.833333333333334,90.0,2.0,12
Kim Ji-soo,1,DEF,40,0.0,-100.0,140.0,0,0.0,0.0,0.0,0
Kim Ji-soo,2,DEF,40,0.0,-220.0,-40.0,1,0.0,0.0,0.0,0
Kim Ji-soo,3,DEF,40,1.0,30.0,240.0,0,0.0,0.0,0.0,0
Kjell Scherpen,1,GK,40,0.0,-30.0,80.0,1,0.0,0.0,0.0,0
Kjell Scherpen,2,GK,40,0.0,80.0,70.0,0,0.0,0.0,0.0,0
Kjell Scherpen,3,GK,40,-1.0,-290.0,-40.0,1,0.0,0.0,0.0,0
Kobbie Mainoo,1,MID,50,-1.0,-190.0,-250.0,1,0.0,0.0,0.0,0
Kobbie Mainoo,2,MID,50,0.0,-10.0,10.0,0,0.0,0.0,0.0,0
Kobbie Mainoo,3,MID,49,1.0,60.0,50.0,1,0.0,0.0,0.0,1
Konstantinos Mavropanos,1,DEF,45,1.0,50.0,50.0,0,0.0,0.0,0.0,0
Konstantinos Mavropanos,2,DEF,45,-1.0,-200.0,-90.0,1,0.0,0.0,0.0,0
Konstantinos Mavropanos,3,DEF,44,0.0,-80.0,-50.0,0,0.0,0.0,0.0,6
Konstantinos Tsimikas,1,DEF,50,2.0,90.0,220.0,1,0.0,0.0,0.0,0
Konstantinos Tsimikas,2,DEF,50,1.0,90.0,250.0,0,0.0,0.0,0.0,0
Konstantinos Tsimikas,3,DEF,49,1.0,-10.0,30.0,1,0.0,0.0,0.0,0
Kristoffer Ajer,1,DEF,45,0.0,-100.0,140.0,0,0.0,0.0,0.0,0
Kristoffer Ajer,2,DEF,45,0.0,-220.0,-40.0,1,0.0,0.0,0.0,1
Kristoffer Ajer,3,DEF,45,1.0,30.0,240.0,0,0.06666666666666667,1.6666666666666665,0.3333333333333333,0
Krisztián Hegyi,1,GK,40,1.0,50.0,50.0,0,0.0,0.0,0.0,0
Krisztián Hegyi,2,GK,40,-1.0,-200.0,-90.0,1,0.0,0.0,0.0,0
Krisztián Hegyi,3,GK,40,0.0,-80.0,-50.0,0,0.0,0.0,0.0,0
Kyle Walker,1,DEF,45,-1.0,-110.0,-50.0,0,0.0,0.0,0.0,1
Kyle Walker,2,DEF,45,0.0,0.0,0.0,1,1.0,90.0,1.0,6
Kyle Walker,3,DEF,45,-1.0,-50.0,-60.0,0,1.2666666666666666,90.0,2.666666666666667,0
Kyle Walker-Peters,1,DEF,45,1.0,50.0,50.0,0,0.0,0.0,0.0,0
Kyle Walker-Peters,2,DEF,45,-1.0,-200.0,-90.0,1,0.0,0.0,0.0,1
Kyle Walker-Peters,3,DEF,44,0.0,-80.0,-50.0,0,0.2333333333333333,6.666666666666666,0.3333333333333333,6
Ladislav Krejcí,3,DEF,45,0.0,-10.0,-20.0,1,0.0,0.0,0.0,0
Lamare Bogarde,1,DEF,40,-1.0,-210.0,-30.0,1,0.0,0.0,0.0,0
Lamare Bogarde,2,DEF,40,0.0,40.0,220.0,0,0.0,0.0,0.0,0
Lamare Bogarde,3,DEF,40,0.0,-80.0,10.0,1,0.09999999999999999,5.333333333333333,0.0,1
Largie Ramazani,1,MID,50,-1.0,-40.0,-90.0,1,0.0,0.0,0.0,0
Largie Ramazani,2,MID,50,-2.0,-240.0,-250.0,0,0.0,0.0,0.0,0
Largie Ramazani,3,MID,49,-2.0,-270.0,-120.0,1,0.0,0.0,0.0,0
Leander Dendoncker,1,MID,45,-1.0,-210.0,-30.0,1,0.0,0.0,0.0,0
Leander Dendoncker,2,MID,45,0.0,40.0,220.0,0,0.0,0.0,0.0,0
Leander Dendoncker,3,MID,45,0.0,-80.0,10.0,1,0.0,0.0,0.0,0
Leandro Trossard,1,MID,70,1.0,250.0,190.0,0,0.0,0.0,0.0,0
Leandro Trossard,2,MID,70,2.0,250.0,240.0,1,0.0,0.0,0.0,1
Leandro Trossard,3,MID,69,-1.0,-30.0,10.0,0,1.0333333333333332,12.333333333333332,0.3333333333333333,0
Leny Yoro,1,DEF,45,-1.0,-190.0,-250.0,1,0.0,0.0,0.0,4
Leny Yoro,2,DEF,45,0.0,-10.0,10.0,0,2.1,90.0,4.0,6
Leny Yoro,3,DEF,45,1.0,60.0,50.0,1,2.5666666666666664,88.66666666666667,4.666666666666667,1
Leo Fuhr Hjelde,1,DEF,40,-1.0,-50.0,-50.0,1,0.0,0.0,0.0,0
Leo Fuhr Hjelde,2,DEF,40,0.0,0.0,0.0,0,0.0,0.0,0.0,0
Leo Fuhr Hjelde,3,DEF,40,-1.0,-240.0,-30.0,1,0.0,0.0,0.0,0
Leon Bailey,1,MID,55,-1.0,-210.0,-30.0,1,0.0,0.0,0.0,0
Leon Bailey,2,MID,55,0.0,40.0,220.0,0,0.0,0.0,0.0,0
Leon Bailey,3,MID,55,0.0,-80.0,10.0,1,0.0,0.0,0.0,0
Leon Chiwome,1,FWD,45,-1.0,-300.0,-130.0,1,0.0,0.0,0.0,0
Leon Chiwome,2,FWD,45,0.0,-100.0,50.0,0,0.0,0.0,0.0,0
Leon Chiwome,3,FWD,45,0.0,-10.0,-20.0,1,0.0,0.0,0.0,0
Lesley Ugochukwu,1,MID,50,-1.0,-110.0,-50.0,0,0.0,0.0,0.0,1
Lesley Ugochukwu,2,MID,50,0.0,0.0,0.0,1,0.1,27.0,1.0,3
Lesley Ugochukwu,3,MID,50,-1.0,-50.0,-60.0,0,0.9999999999999999,40.66666666666667,1.6666666666666667,2
Levi Samuels Colwill,1,DEF,50,1.0,-40.0,90.0,1,0.0,0.0,0.0,0
Levi Samuels Colwill,2,DEF,49,1.0,90.0,200.0,0,0.0,0.0,0.0,0
Levi Samuels Colwill,3,DEF,49,1.0,30.0,90.0,1,0.0,0.0,0.0,0
Lewis Cook,1,MID,50,-2.0,-220.0,-90.0,0,0.0,0.0,0.0,0
Lewis Cook,2,MID,50,0.0,-50.0,100.0,1,0.0,0.0,0.0,0
Lewis Cook,3,MID,50,0.0,0.0,100.0,0,0.0,0.0,0.0,0
Lewis Dobbin,1,MID,50,-1.0,-210.0,-30.0,1,0.0,0.0,0.0,0
Lewis Dobbin,2,MID,50,0.0,40.0,220.0,0,0.0,0.0,0.0,0
Lewis Dobbin,3,MID,50,0.0,-80.0,10.0,1,0.0,0.0,0.0,0
Lewis Dunk,1,DEF,45,0.0,-30.0,80.0,1,0.0,0.0,0.0,2
Lewis Dunk,2,DEF,45,0.0,80.0,70.0,0,2.5,90.0,2.0,1
Lewis Dunk,3,DEF,45,-1.0,-290.0,-40.0,1,2.2333333333333334,90.0,1.6666666666666667,5
Lewis Hall,1,DEF,55,1.0,30.0,210.0,0,0.0,0.0,0.0,0
Lewis Hall,2,DEF,55,-1.0,-250.0,-90.0,1,0.0,0.0,0.0,1
Lewis Hall,3,DEF,55,2.0,120.0,270.0,0,0.26666666666666666,4.666666666666666,0.3333333333333333,1
Lewis Miley,1,MID,45,1.0,30.0,210.0,0,0.0,0.0,0.0,1
Lewis Miley,2,MID,45,-1.0,-250.0,-90.0,1,1.6,7.0,1.0,1
Lewis Miley,3,MID,45,2.0,120.0,270.0,0,1.2333333333333336,12.666666666666668,1.0,1
Lewis O'Brien,1,MID,50,0.0,-140.0,100.0,1,0.0,0.0,0.0,0
Lewis O'Brien,2,MID,50,0.0,70.0,60.0,0,0.0,0.0,0.0,0
Lewis O'Brien,3,MID,50,0.0,50.0,80.0,1,0.0,0.0,0.0,0
Lewis Orford,1,MID,45,1.0,50.0,50.0,0,0.0,0.0,0.0,0
Lewis Orford,2,MID,45,-1.0,-200.0,-90.0,1,0.0,0.0,0.0,0
Lewis Orford,3,MID,45,0.0,-80.0,-50.0,0,0.0,0.0,0.0,0
Liam Delap,1,FWD,65,1.0,-40.0,90.0,1,0.0,0.0,0.0,1
Liam Delap,2,FWD,65,1.0,90.0,200.0,0,2.6,17.0,1.0,2
Liam Delap,3,FWD,64,1.0,30.0,90.0,1,2.5333333333333337,31.666666666666664,1.3333333333333335,1
Lino da Cruz Sousa,1,DEF,40,-1.0,-210.0,-30.0,1,0.0,0.0,0.0,0
Lino da Cruz Sousa,2,DEF,40,0.0,40.0,220.0,0,0.0,0.0,0.0,0
Lino da Cruz Sousa,3,DEF,40,0.0,-80.0,10.0,1,0.0,0.0,0.0,0
Lisandro Martínez,1,DEF,50,-1.0,-190.0,-250.0,1,0.0,0.0,0.0,0
Lisandro Martínez,2,DEF,50,0.0,-10.0,10.0,0,0.0,0.0,0.0,0
Lisandro Martínez,3,DEF,49,1.0,60.0,50.0,1,0.0,0.0,0.0,0
Loum Tchaouna,1,MID,50,-1.0,-110.0,-50.0,0,0.0,0.0,0.0,1
Loum Tchaouna,2,MID,50,0.0,0.0,0.0,1,0.4,16.0,1.0,1
Loum Tchaouna,3,MID,50,-1.0,-50.0,-60.0,0,0.5333333333333334,13.0,1.0,3
Luca Koleosho,1,MID,50,-1.0,-110.0,-50.0,0,0.0,0.0,0.0,0
Luca Koleosho,2,MID,50,0.0,0.0,0.0,1,0.0,0.0,0.0,0
Luca Koleosho,3,MID,50,-1.0,-50.0,-60.0,0,0.0,0.0,0.0,0
Lucas Bergvall,1,MID,55,1.0,50.0,110.0,1,0.0,0.0,0.0,3
Lucas Bergvall,2,MID,55,-1.0,-200.0,0.0,0,4.7,79.0,3.0,1
Lucas Bergvall,3,MID,55,0.0,-100.0,0.0,1,3.833333333333334,54.00000000000001,2.3333333333333335,1
Lucas Digne,1,DEF,45,-1.0,-210.0,-30.0,1,0.0,0.0,0.0,6
Lucas Digne,2,DEF,45,0.0,40.0,220.0,0,1.7,90.0,6.0,2
Lucas Digne,3,DEF,45,0.0,-80.0,10.0,1,1.8333333333333335,81.0,4.666666666666667,1
Lucas Estella Perri,1,GK,45,-1.0,-40.0,-90.0,1,0.0,0.0,0.0,6
Lucas Estella Perri,2,GK,45,-2.0,-240.0,-250.0,0,1.1,90.0,6.0,0
Lucas Estella Perri,3,GK,45,-2.0,-270.0,-120.0,1,0.8333333333333335,90.0,4.0,6
Lucas Pires Silva,1,DEF,40,-1.0,-110.0,-50.0,0,0.0,0.0,0.0,0
Lucas Pires Silva,2,DEF,40,0.0,0.0,0.0,1,0.0,0.0,0.0,0
Lucas Pires Silva,3,DEF,40,-1.0,-50.0,-60.0,0,0.0,0.0,0.0,0
Lucas Tolentino Coelho de Lima,1,MID,60,1.0,50.0,50.0,0,0.0,0.0,0.0,2
Lucas Tolentino Coelho de Lima,2,MID,59,-1.0,-200.0,-90.0,1,2.4,90.0,2.0,9
Lucas Tolentino Coelho de Lima,3,MID,59,0.0,-80.0,-50.0,0,4.5,90.0,4.333333333333334,10
Luis Díaz Marulanda,1,MID,80,2.0,90.0,220.0,1,0.0,0.0,0.0,0
Luis Díaz Marulanda,2,MID,80,1.0,90.0,250.0,0,0.0,0.0,0.0,0
Luis Díaz Marulanda,3,MID,80,1.0,-10.0,30.0,1,0.0,0.0,0.0,0
Luis Guilherme Lira dos Santos,1,MID,50,1.0,50.0,50.0,0,0.0,0.0,0.0,0
Luis Guilherme Lira dos Santos,2,MID,50,-1.0,-200.0,-90.0,1,0.0,0.0,0.0,0
Luis Guilherme Lira dos Santos,3,MID,50,0.0,-80.0,-50.0,0,0.0,0.0,0.0,0
Luis Sinisterra Lucumí,1,MID,50,-2.0,-220.0,-90.0,0,0.0,0.0,0.0,0
Luis Sinisterra Lucumí,2,MID,50,0.0,-50.0,100.0,1,0.0,0.0,0.0,0
Luis Sinisterra Lucumí,3,MID,50,0.0,0.0,100.0,0,0.0,0.0,0.0,0
Luka Vušković,1,DEF,40,1.0,50.0,110.0,1,0.0,0.0,0.0,0
Luka Vušković,2,DEF,40,-1.0,-200.0,0.0,0,0.0,0.0,0.0,0
Luka Vušković,3,DEF,40,0.0,-100.0,0.0,1,0.0,0.0,0.0,0
Lukas Nmecha,1,FWD,50,-1.0,-40.0,-90.0,1,0.0,0.0,0.0,5
Lukas Nmecha,2,FWD,50,-2.0,-240.0,-250.0,0,5.8,12.0,5.0,1
Lukas Nmecha,3,FWD,50,-2.0,-270.0,-120.0,1,3.866666666666667,18.666666666666664,3.6666666666666674,2
Luke Harris,1,MID,45,0.0,-80.0,30.0,0,0.0,0.0,0.0,0
Luke Harris,2,MID,45,0.0,-10.0,10.0,1,0.0,0.0,0.0,0
Luke Harris,3,MID,45,-1.0,-90.0,-30.0,0,0.0,0.0,0.0,0
Luke O'Nien,1,DEF,40,-1.0,-50.0,-50.0,1,0.0,0.0,0.0,0
Luke O'Nien,2,DEF,40,0.0,0.0,0.0,0,0.0,0.0,0.0,0
Luke O'Nien,3,DEF,40,-1.0,-240.0,-30.0,1,0.0,0.0,0.0,0
Luke Shaw,1,DEF,45,-1.0,-190.0,-250.0,1,0.0,0.0,0.0,2
Luke Shaw,2,DEF,45,0.0,-10.0,10.0,0,2.4,79.0,2.0,2
Luke Shaw,3,DEF,45,1.0,60.0,50.0,1,2.0,81.33333333333334,2.0,1
Luís Hemir Silva Semedo,1,FWD,45,-1.0,-50.0,-50.0,1,0.0,0.0,0.0,0
Luís Hemir Silva Semedo,2,FWD,45,0.0,0.0,0.0,0,0.0,0.0,0.0,0
Luís Hemir Silva Semedo,3,FWD,45,-1.0,-240.0,-30.0,1,0.0,0.0,0.0,0
Lyle Foster,1,FWD,50,-1.0,-110.0,-50.0,0,0.0,0.0,0.0,2
Lyle Foster,2,FWD,50,0.0,0.0,0.0,1,3.8,73.0,2.0,2
Lyle Foster,3,FWD,50,-1.0,-50.0,-60.0,0,2.8333333333333335,77.0,2.0,6
Mads Hermansen,1,GK,45,1.0,50.0,50.0,0,0.0,0.0,0.0,1
Mads Hermansen,2,GK,45,-1.0,-200.0,-90.0,1,2.1,90.0,1.0,0
Mads Hermansen,3,GK,45,0.0,-80.0,-50.0,0,1.9666666666666668,90.0,0.6666666666666667,7
Mads Roerslev Rasmussen,1,DEF,45,0.0,-100.0,140.0,0,0.0,0.0,0.0,0
Mads Roerslev Rasmussen,2,DEF,45,0.0,-220.0,-40.0,1,0.0,0.0,0.0,0
Mads Roerslev Rasmussen,3,DEF,45,1.0,30.0,240.0,0,0.0,0.0,0.0,0
Malcolm Ebiowei,1,MID,45,-1.0,-90.0,40.0,0,0.0,0.0,0.0,0
Malcolm Ebiowei,2,MID,45,0.0,-60.0,-70.0,1,0.0,0.0,0.0,0
Malcolm Ebiowei,3,MID,45,0.0,-10.0,80.0,0,0.0,0.0,0.0,0
Maldini Kacurri,1,DEF,40,1.0,250.0,190.0,0,0.0,0.0,0.0,0
Maldini Kacurri,2,DEF,40,2.0,250.0,240.0,1,0.0,0.0,0.0,0
Maldini Kacurri,3,DEF,40,-1.0,-30.0,10.0,0,0.0,0.0,0.0,0
Malick Thiaw,1,DEF,50,1.0,30.0,210.0,0,0.0,0.0,0.0,0
Malick Thiaw,2,DEF,50,-1.0,-250.0,-90.0,1,0.0,0.0,0.0,1
Malick Thiaw,3,DEF,50,2.0,120.0,270.0,0,0.06666666666666667,3.0,0.3333333333333333,0
Malick Yalcouyé,1,MID,50,0.0,-30.0,80.0,1,0.0,0.0,0.0,0
Malick Yalcouyé,2,MID,50,0.0,80.0,70.0,0,0.0,0.0,0.0,0
Malick Yalcouyé,3,MID,50,-1.0,-290.0,-40.0,1,0.0,0.0,0.0,0
Malo Gusto,1,DEF,50,1.0,-40.0,90.0,1,0.0,0.0,0.0,1
Malo Gusto,2,DEF,50,1.0,90.0,200.0,0,0.2,11.0,1.0,2
Malo Gusto,3,DEF,50,1.0,30.0,90.0,1,0.5333333333333333,30.0,1.3333333333333335,6
Mamadou Sarr,1,DEF,45,1.0,-40.0,90.0,1,0.0,0.0,0.0,0
Mamadou Sarr,2,DEF,45,1.0,90.0,200.0,0,0.0,0.0,0.0,0
Mamadou Sarr,3,DEF,45,1.0,30.0,90.0,1,0.0,0.0,0.0,0
Manor Solomon,1,MID,55,1.0,50.0,110.0,1,0.0,0.0,0.0,0
Manor Solomon,2,MID,55,-1.0,-200.0,0.0,0,0.0,0.0,0.0,0
Manor Solomon,3,MID,54,0.0,-100.0,0.0,1,0.0,0.0,0.0,0
Manuel Akanji,1,DEF,55,1.0,130.0,300.0,0,0.0,0.0,0.0,0
Manuel Akanji,2,DEF,55,1.0,0.0,200.0,1,0.0,0.0,0.0,0
Manuel Akanji,3,DEF,54,1.0,40.0,290.0,0,0.0,0.0,0.0,0
Manuel Benson Hedilazio,1,MID,55,-1.0,-110.0,-50.0,0,0.0,0.0,0.0,0
Manuel Benson Hedilazio,2,MID,55,0.0,0.0,0.0,1,0.0,0.0,0.0,0
Manuel Benson Hedilazio,3,MID,55,-1.0,-50.0,-60.0,0,0.0,0.0,0.0,0
Manuel Ugarte Ribeiro,1,MID,50,-1.0,-190.0,-250.0,1,0.0,0.0,0.0,1
Manuel Ugarte Ribeiro,2,MID,50,0.0,-10.0,10.0,0,1.2,25.0,1.0,1
Manuel Ugarte Ribeiro,3,MID,49,1.0,60.0,50.0,1,1.1,23.666666666666668,1.0,0
Marc Cucurella Saseta,1,DEF,60,1.0,-40.0,90.0,1,0.0,0.0,0.0,8
Marc Cucurella Saseta,2,DEF,60,1.0,90.0,200.0,0,4.0,90.0,8.0,5
Marc Cucurella Saseta,3,DEF,61,1.0,30.0,90.0,1,4.266666666666667,82.66666666666667,7.0,6
Marc Guiu Paz,1,FWD,45,-1.0,-50.0,-50.0,1,0.0,0.0,0.0,0
Marc Guiu Paz,2,FWD,45,0.0,0.0,0.0,0,0.0,0.0,0.0,1
Marc Guiu Paz,3,FWD,45,-1.0,-240.0,-30.0,1,0.19999999999999998,3.333333333333333,0.3333333333333333,1
Marc Guéhi,1,DEF,45,-1.0,-90.0,40.0,0,0.0,0.0,0.0,6
Marc Guéhi,2,DEF,45,0.0,-60.0,-70.0,1,2.6,90.0,6.0,2
Marc Guéhi,3,DEF,45,0.0,-10.0,80.0,0,2.3000000000000003,90.0,4.666666666666667,15
Marco Bizot,1,GK,45,-1.0,-210.0,-30.0,1,0.0,0.0,0.0,7
Marco Bizot,2,GK,45,0.0,40.0,220.0,0,2.0,90.0,7.0,0
Marco Bizot,3,GK,45,0.0,-80.0,10.0,1,1.3333333333333335,60.00000000000001,4.666666666666667,0
Marcos Senesi Barón,1,DEF,45,-2.0,-220.0,-90.0,0,0.0,0.0,0.0,2
Marcos Senesi Barón,2,DEF,45,0.0,-50.0,100.0,1,4.3,90.0,2.0,9
Marcos Senesi Barón,3,DEF,45,0.0,0.0,100.0,0,3.8,90.0,4.333333333333334,14
Marcus Bettinelli,1,GK,40,1.0,130.0,300.0,0,0.0,0.0,0.0,0
Marcus Bettinelli,2,GK,40,1.0,0.0,200.0,1,0.0,0.0,0.0,0
Marcus Bettinelli,3,GK,40,1.0,40.0,290.0,0,0.0,0.0,0.0,0
Marcus Edwards,1,MID,50,-1.0,-110.0,-50.0,0,0.0,0.0,0.0,1
Marcus Edwards,2,MID,50,0.0,0.0,0.0,1,0.0,5.0,1.0,0
Marcus Edwards,3,MID,49,-1.0,-50.0,-60.0,0,0.0,3.333333333333334,0.6666666666666667,0
Marcus Rashford,1,MID,70,-1.0,-190.0,-250.0,1,0.0,0.0,0.0,0
Marcus Rashford,2,MID,70,0.0,-10.0,10.0,0,0.0,0.0,0.0,0
Marcus Rashford,3,MID,70,1.0,60.0,50.0,1,0.0,0.0,0.0,0
Marcus Tavernier,1,MID,55,-2.0,-220.0,-90.0,0,0.0,0.0,0.0,4
Marcus Tavernier,2,MID,55,0.0,-50.0,100.0,1,7.2,90.0,4.0,11
Marcus Tavernier,3,MID,55,0.0,0.0,100.0,0,7.300000000000001,85.66666666666667,6.333333333333334,3
Mark Gillespie,1,GK,40,1.0,30.0,210.0,0,0.0,0.0,0.0,0
Mark Gillespie,2,GK,40,-1.0,-250.0,-90.0,1,0.0,0.0,0.0,0
Mark Gillespie,3,GK,40,2.0,120.0,270.0,0,0.0,0.0,0.0,0
Mark Travers,1,GK,45,1.0,90.0,40.0,0,0.0,0.0,0.0,0
Mark Travers,2,GK,45,0.0,-70.0,-80.0,1,0.0,0.0,0.0,0
Mark Travers,3,GK,45,0.0,20.0,10.0,0,0.0,0.0,0.0,0
Marko Stamenić,1,MID,45,0.0,-140.0,100.0,1,0.0,0.0,0.0,0
Marko Stamenić,2,MID,45,0.0,70.0,60.0,0,0.0,0.0,0.0,0
Marko Stamenić,3,MID,45,0.0,50.0,80.0,1,0.0,0.0,0.0,0
Marshall Munetsi,1,MID,55,-1.0,-300.0,-130.0,1,0.0,0.0,0.0,2
Marshall Munetsi,2,MID,55,0.0,-100.0,50.0,0,2.2,90.0,2.0,2
Marshall Munetsi,3,MID,55,0.0,-10.0,-20.0,1,1.766666666666667,90.0,2.0,5
Martial Godo,1,MID,45,0.0,-80.0,30.0,0,0.0,0.0,0.0,0
Martial Godo,2,MID,45,0.0,-10.0,10.0,1,0.0,0.0,0.0,0
Martial Godo,3,MID,45,-1.0,-90.0,-30.0,0,0.0,0.0,0.0,0
Martin Dúbravka,1,GK,40,-1.0,-110.0,-50.0,0,0.0,0.0,0.0,2
Martin Dúbravka,2,GK,40,0.0,0.0,0.0,1,2.6,90.0,2.0,6
Martin Dúbravka,3,GK,40,-1.0,-50.0,-60.0,0,2.1000000000000005,90.0,3.3333333333333335,2
Martin Sherif,1,FWD,45,1.0,90.0,40.0,0,0.0,0.0,0.0,0
Martin Sherif,2,FWD,45,0.0,-70.0,-80.0,1,0.0,0.0,0.0,0
Martin Sherif,3,FWD,45,0.0,20.0,10.0,0,0.0,0.0,0.0,0
Martin Ødegaard,1,MID,80,1.0,250.0,190.0,0,0.0,0.0,0.0,5
Martin Ødegaard,2,MID,80,2.0,250.0,240.0,1,5.5,90.0,5.0,1
Martin Ødegaard,3,MID,79,-1.0,-30.0,10.0,0,3.966666666666667,72.33333333333334,3.6666666666666674,1
Martín Zubimendi Ibáñez,1,MID,55,1.0,250.0,190.0,0,0.0,0.0,0.0,5
Martín Zubimendi Ibáñez,2,MID,55,2.0,250.0,240.0,1,2.0,90.0,5.0,3
Martín Zubimendi Ibáñez,3,MID,55,-1.0,-30.0,10.0,0,1.8,90.0,4.333333333333334,1
Mason Mount,1,MID,60,-1.0,-190.0,-250.0,1,0.0,0.0,0.0,2
Mason Mount,2,MID,60,0.0,-10.0,10.0,0,5.0,64.0,2.0,3
Mason Mount,3,MID,60,1.0,60.0,50.0,1,4.7,65.33333333333334,2.3333333333333335,1
Matai Akinmboni,1,DEF,40,-2.0,-220.0,-90.0,0,0.0,0.0,0.0,0
Matai Akinmboni,2,DEF,40,0.0,-50.0,100.0,1,0.0,0.0,0.0,0
Matai Akinmboni,3,DEF,40,0.0,0.0,100.0,0,0.0,0.0,0.0,0
Mateo Joseph Fernández-Regatillo,1,FWD,50,-1.0,-40.0,-90.0,1,0.0,0.0,0.0,0
Mateo Joseph Fernández-Regatillo,2,FWD,50,-2.0,-240.0,-250.0,0,0.0,0.0,0.0,0
Mateo Joseph Fernández-Regatillo,3,FWD,50,-2.0,-270.0,-120.0,1,0.0,0.0,0.0,0
Mateo Kovačić,1,MID,60,1.0,130.0,300.0,0,0.0,0.0,0.0,0
Mateo Kovačić,2,MID,60,1.0,0.0,200.0,1,0.0,0.0,0.0,0
Mateo Kovačić,3,MID,60,1.0,40.0,290.0,0,0.0,0.0,0.0,0
Mateus Gonçalo Espanha Fernandes,3,MID,55,0.0,-80.0,-50.0,0,0.0,0.0,0.0,3
Matheus França de Oliveira,1,MID,45,-1.0,-90.0,40.0,0,0.0,0.0,0.0,0
Matheus França de Oliveira,2,MID,45,0.0,-60.0,-70.0,1,0.0,0.0,0.0,0
Matheus França de Oliveira,3,MID,45,0.0,-10.0,80.0,0,0.0,0.0,0.0,0
Matheus Nunes,1,DEF,55,1.0,130.0,300.0,0,0.0,0.0,0.0,1
Matheus Nunes,2,DEF,55,1.0,0.0,200.0,1,0.5,24.0,1.0,0
Matheus Nunes,3,DEF,54,1.0,40.0,290.0,0,0.33333333333333337,16.0,0.6666666666666667,2
Matheus Santos Carneiro da Cunha,1,MID,80,-1.0,-190.0,-250.0,1,0.0,0.0,0.0,2
Matheus Santos Carneiro da Cunha,2,MID,80,0.0,-10.0,10.0,0,8.1,90.0,2.0,2
Matheus Santos Carneiro da Cunha,3,MID,81,1.0,60.0,50.0,1,6.933333333333334,90.0,2.0,1
Mathias Jensen,1,MID,50,0.0,-100.0,140.0,0,0.0,0.0,0.0,2
Mathias Jensen,2,MID,50,0.0,-220.0,-40.0,1,4.2,68.0,2.0,1
Mathias Jensen,3,MID,50,1.0,30.0,240.0,0,2.9333333333333336,49.0,1.6666666666666667,0
Mathys Tel,1,MID,65,1.0,50.0,110.0,1,0.0,0.0,0.0,1
Mathys Tel,2,MID,64,-1.0,-200.0,0.0,0,0.0,5.0,1.0,0
Mathys Tel,3,MID,63,0.0,-100.0,0.0,1,0.0,3.333333333333334,0.6666666666666667,1
Mats Wieffer,1,MID,50,0.0,-30.0,80.0,1,0.0,0.0,0.0,4
Mats Wieffer,2,MID,50,0.0,80.0,70.0,0,4.9,90.0,4.0,3
Mats Wieffer,3,MID,50,-1.0,-290.0,-40.0,1,4.0,88.0,3.666666666666667,0
Matt Doherty,1,DEF,45,-1.0,-300.0,-130.0,1,0.0,0.0,0.0,-1
Matt Doherty,2,DEF,45,0.0,-100.0,50.0,0,1.6,90.0,-1.0,1
Matt Doherty,3,DEF,45,0.0,-10.0,-20.0,1,1.7666666666666668,90.0,-0.3333333333333334,0
Matt O'Riley,1,MID,55,0.0,-30.0,80.0,1,0.0,0.0,0.0,10
Matt O'Riley,2,MID,55,0.0,80.0,70.0,0,11.5,87.0,10.0,2
Matt O'Riley,3,MID,55,-1.0,-290.0,-40.0,1,10.166666666666668,88.0,7.333333333333335,0
Matt Targett,1,DEF,40,1.0,30.0,210.0,0,0.0,0.0,0.0,0
Matt Targett,2,DEF,40,-1.0,-250.0,-90.0,1,0.0,0.0,0.0,0
Matt Targett,3,DEF,40,2.0,120.0,270.0,0,0.0,0.0,0.0,0
Matt Turner,1,GK,40,0.0,-140.0,100.0,1,0.0,0.0,0.0,0
Matt Turner,2,GK,40,0.0,70.0,60.0,0,0.0,0.0,0.0,0
Matt Turner,3,GK,40,0.0,50.0,80.0,1,0.0,0.0,0.0,0
Matthew Cox,1,GK,40,0.0,-100.0,140.0,0,0.0,0.0,0.0,0
Matthew Cox,2,GK,40,0.0,-220.0,-40.0,1,0.0,0.0,0.0,0
Matthew Cox,3,GK,40,1.0,30.0,240.0,0,0.0,0.0,0.0,0
Matthijs de Ligt,1,DEF,50,-1.0,-190.0,-250.0,1,0.0,0.0,0.0,4
Matthijs de Ligt,2,DEF,50,0.0,-10.0,10.0,0,7.5,90.0,4.0,7
Matthijs de Ligt,3,DEF,50,1.0,60.0,50.0,1,5.966666666666668,90.0,5.0,1
Matty Cash,1,DEF,45,-1.0,-210.0,-30.0,1,0.0,0.0,0.0,8
Matty Cash,2,DEF,45,0.0,40.0,220.0,0,4.1,90.0,8.0,2
Matty Cash,3,DEF,45,0.0,-80.0,10.0,1,4.4,90.0,6.000000000000001,0
Matz Sels,1,GK,50,0.0,-140.0,100.0,1,0.0,0.0,0.0,2
Matz Sels,2,GK,50,0.0,70.0,60.0,0,1.5,90.0,2.0,2
Matz Sels,3,GK,50,0.0,50.0,80.0,1,1.7333333333333334,90.0,2.0,2
Max Dowman,2,MID,45,2.0,250.0,240.0,1,0.0,0.0,0.0,4
Max Dowman,3,MID,45,-1.0,-30.0,10.0,0,1.7,26.0,4.0,1
Max Weiß,1,GK,45,-1.0,-110.0,-50.0,0,0.0,0.0,0.0,0
Max Weiß,2,GK,45,0.0,0.0,0.0,1,0.0,0.0,0.0,0
Max Weiß,3,GK,45,-1.0,-50.0,-60.0,0,0.0,0.0,0.0,0
Maxence Lacroix,1,DEF,50,-1.0,-90.0,40.0,0,0.0,0.0,0.0,8
Maxence Lacroix,2,DEF,50,0.0,-60.0,-70.0,1,3.1,90.0,8.0,3
Maxence Lacroix,3,DEF,50,0.0,-10.0,80.0,0,3.666666666666667,90.0,6.333333333333334,11
Maxim De Cuyper,1,DEF,45,0.0,-30.0,80.0,1,0.0,0.0,0.0,2
Maxim De Cuyper,2,DEF,45,0.0,80.0,70.0,0,4.6,90.0,2.0,0
Maxim De Cuyper,3,DEF,45,-1.0,-290.0,-40.0,1,3.4000000000000004,82.0,1.3333333333333335,2
Maxime Estève,1,DEF,40,-1.0,-110.0,-50.0,0,0.0,0.0,0.0,1
Maxime Estève,2,DEF,40,0.0,0.0,0.0,1,3.7,90.0,1.0,6
Maxime Estève,3,DEF,40,-1.0,-50.0,-60.0,0,3.2000000000000006,87.33333333333334,2.666666666666667,1
Maximilian Kilman,1,DEF,45,1.0,50.0,50.0,0,0.0,0.0,0.0,0
Maximilian Kilman,2,DEF,45,-1.0,-200.0,-90.0,1,4.3,90.0,0.0,0
Maximilian Kilman,3,DEF,44,0.0,-80.0,-50.0,0,3.2333333333333334,90.0,0.0,6
Maxwel Cornet,1,MID,50,1.0,50.0,50.0,0,0.0,0.0,0.0,0
Maxwel Cornet,2,MID,50,-1.0,-200.0,-90.0,1,0.0,0.0,0.0,0
Maxwel Cornet,3,MID,49,0.0,-80.0,-50.0,0,0.0,0.0,0.0,0
Michael Kayode,1,DEF,45,0.0,-100.0,140.0,0,0.0,0.0,0.0,1
Michael Kayode,2,DEF,45,0.0,-220.0,-40.0,1,3.8,90.0,1.0,10
Michael Kayode,3,DEF,45,1.0,30.0,240.0,0,3.7,88.0,4.0,1
Michael Keane,1,DEF,45,1.0,90.0,40.0,0,0.0,0.0,0.0,2
Michael Keane,2,DEF,45,0.0,-70.0,-80.0,1,2.4,90.0,2.0,8
Michael Keane,3,DEF,45,0.0,20.0,10.0,0,2.4,90.0,4.0,3
Michael Obafemi,1,FWD,45,-1.0,-110.0,-50.0,0,0.0,0.0,0.0,0
Michael Obafemi,2,FWD,45,0.0,0.0,0.0,1,0.0,0.0,0.0,0
Michael Obafemi,3,FWD,45,-1.0,-50.0,-60.0,0,0.0,0.0,0.0,0
Micky van de Ven,1,DEF,45,1.0,50.0,110.0,1,0.0,0.0,0.0,6
Micky van de Ven,2,DEF,45,-1.0,-200.0,0.0,0,2.7,90.0,6.0,6
Micky van de Ven,3,DEF,46,0.0,-100.0,0.0,1,2.2333333333333334,90.0,6.0,1
Mike Penders,1,GK,40,1.0,-40.0,90.0,1,0.0,0.0,0.0,0
Mike Penders,2,GK,40,1.0,90.0,200.0,0,0.0,0.0,0.0,0
Mike Penders,3,GK,40,1.0,30.0,90.0,1,0.0,0.0,0.0,0
Mike Trésor Ndayishimiye,1,MID,45,-1.0,-110.0,-50.0,0,0.0,0.0,0.0,0
Mike Trésor Ndayishimiye,2,MID,45,0.0,0.0,0.0,1,0.0,0.0,0.0,0
Mike Trésor Ndayishimiye,3,MID,45,-1.0,-50.0,-60.0,0,0.0,0.0,0.0,0
Mikel Merino Zazón,1,MID,60,1.0,250.0,190.0,0,0.0,0.0,0.0,1
Mikel Merino Zazón,2,MID,60,2.0,250.0,240.0,1,0.1,7.0,1.0,0
Mikel Merino Zazón,3,MID,59,-1.0,-30.0,10.0,0,0.06666666666666668,4.666666666666667,0.6666666666666667,3
Mikey Moore,1,MID,50,1.0,50.0,110.0,1,0.0,0.0,0.0,0
Mikey Moore,2,MID,50,-1.0,-200.0,0.0,0,0.0,0.0,0.0,0
Mikey Moore,3,MID,50,0.0,-100.0,0.0,1,0.0,0.0,0.0,0
Mikkel Damsgaard,1,MID,60,0.0,-100.0,140.0,0,0.0,0.0,0.0,0
Mikkel Damsgaard,2,MID,59,0.0,-220.0,-40.0,1,0.0,0.0,0.0,5
Mikkel Damsgaard,3,MID,59,1.0,30.0,240.0,0,2.833333333333333,30.0,1.6666666666666665,2
Milan Aleksić,1,MID,50,-1.0,-50.0,-50.0,1,0.0,0.0,0.0,0
Milan Aleksić,2,MID,50,0.0,0.0,0.0,0,0.0,0.0,0.0,0
Milan Aleksić,3,MID,49,-1.0,-240.0,-30.0,1,0.0,0.0,0.0,0
Milos Kerkez,1,DEF,60,2.0,90.0,220.0,1,0.0,0.0,0.0,0
Milos Kerkez,2,DEF,60,1.0,90.0,250.0,0,1.0,59.0,0.0,1
Milos Kerkez,3,DEF,60,1.0,-10.0,30.0,1,1.3,69.33333333333334,0.3333333333333333,6
Miodrag Pivaš,1,DEF,40,1.0,30.0,210.0,0,0.0,0.0,0.0,0
Miodrag Pivaš,2,DEF,40,-1.0,-250.0,-90.0,1,0.0,0.0,0.0,0
Miodrag Pivaš,3,DEF,40,2.0,120.0,270.0,0,0.0,0.0,0.0,0
Mitoma Kaoru,1,MID,65,0.0,-30.0,80.0,1,0.0,0.0,0.0,2
Mitoma Kaoru,2,MID,65,0.0,80.0,70.0,0,0.6,82.0,2.0,2
Mitoma Kaoru,3,MID,64,-1.0,-290.0,-40.0,1,2.5666666666666664,84.66666666666667,2.0,5
Mohamed Salah,1,MID,145,2.0,90.0,220.0,1,0.0,0.0,0.0,8
Mohamed Salah,2,MID,145,1.0,90.0,250.0,0,13.4,90.0,8.0,5
Mohamed Salah,3,MID,145,1.0,-10.0,30.0,1,10.76666666666667,90.0,7.0,3
Mohammed Kudus,1,MID,65,1.0,50.0,110.0,1,0.0,0.0,0.0,10
Mohammed Kudus,2,MID,65,-1.0,-200.0,0.0,0,13.0,84.0,10.0,3
Mohammed Kudus,3,MID,66,0.0,-100.0,0.0,1,9.733333333333334,84.33333333333334,7.666666666666668,2
Moisés Caicedo Corozo,1,MID,55,1.0,-40.0,90.0,1,0.0,0.0,0.0,5
Moisés Caicedo Corozo,2,MID,55,1.0,90.0,200.0,0,3.7,90.0,5.0,8
Moisés Caicedo Corozo,3,MID,55,1.0,30.0,90.0,1,4.9,90.0,6.0,4
Morgan Gibbs-White,1,MID,75,0.0,-140.0,100.0,1,0.0,0.0,0.0,5
Morgan Gibbs-White,2,MID,75,0.0,70.0,60.0,0,9.6,83.0,5.0,2
Morgan Gibbs-White,3,MID,75,0.0,50.0,80.0,1,7.133333333333334,82.33333333333334,4.000000000000001,2
Morgan Rogers,1,MID,70,-1.0,-210.0,-30.0,1,0.0,0.0,0.0,3
Morgan Rogers,2,MID,70,0.0,40.0,220.0,0,3.1,90.0,3.0,2
Morgan Rogers,3,MID,70,0.0,-80.0,10.0,1,3.5,90.0,2.6666666666666665,2
Murillo Costa dos Santos,1,DEF,55,0.0,-140.0,100.0,1,0.0,0.0,0.0,2
Murillo Costa dos Santos,2,DEF,55,0.0,70.0,60.0,0,1.3,90.0,2.0,1
Murillo Costa dos Santos,3,DEF,55,0.0,50.0,80.0,1,1.5333333333333334,90.0,1.6666666666666667,1
Mykhailo Mudryk,1,MID,50,1.0,-40.0,90.0,1,0.0,0.0,0.0,0
Mykhailo Mudryk,2,MID,50,1.0,90.0,200.0,0,0.0,0.0,0.0,0
Mykhailo Mudryk,3,MID,50,1.0,30.0,90.0,1,0.0,0.0,0.0,0
Myles Lewis-Skelly,1,DEF,55,1.0,250.0,190.0,0,0.0,0.0,0.0,0
Myles Lewis-Skelly,2,DEF,55,2.0,250.0,240.0,1,0.0,18.0,0.0,1
Myles Lewis-Skelly,3,DEF,54,-1.0,-30.0,10.0,0,0.26666666666666666,20.666666666666668,0.3333333333333333,0
Myles Peart-Harris,1,MID,45,0.0,-100.0,140.0,0,0.0,0.0,0.0,0
Myles Peart-Harris,2,MID,45,0.0,-220.0,-40.0,1,0.0,0.0,0.0,0
Myles Peart-Harris,3,MID,45,1.0,30.0,240.0,0,0.0,0.0,0.0,0
Naouirou Ahamada,1,MID,45,-1.0,-90.0,40.0,0,0.0,0.0,0.0,0
Naouirou Ahamada,2,MID,45,0.0,-60.0,-70.0,1,0.0,0.0,0.0,0
Naouirou Ahamada,3,MID,45,0.0,-10.0,80.0,0,0.0,0.0,0.0,0
Nathan Aké,1,DEF,55,1.0,130.0,300.0,0,0.0,0.0,0.0,0
Nathan Aké,2,DEF,55,1.0,0.0,200.0,1,0.0,0.0,0.0,1
Nathan Aké,3,DEF,55,1.0,40.0,290.0,0,1.0,22.333333333333332,0.3333333333333333,0
Nathan Collins,1,DEF,50,0.0,-100.0,140.0,0,0.0,0.0,0.0,0
Nathan Collins,2,DEF,50,0.0,-220.0,-40.0,1,1.5,90.0,0.0,9
Nathan Collins,3,DEF,50,1.0,30.0,240.0,0,1.9,90.0,3.0,3
Nathan Fraser,1,FWD,45,-1.0,-300.0,-130.0,1,0.0,0.0,0.0,0
Nathan Fraser,2,FWD,45,0.0,-100.0,50.0,0,0.0,0.0,0.0,0
Nathan Fraser,3,FWD,45,0.0,-10.0,-20.0,1,0.0,0.0,0.0,0
Nathan Patterson,1,DEF,45,1.0,90.0,40.0,0,0.0,0.0,0.0,0
Nathan Patterson,2,DEF,45,0.0,-70.0,-80.0,1,0.0,0.0,0.0,0
Nathan Patterson,3,DEF,45,0.0,20.0,10.0,0,0.0,0.0,0.0,0
Nathaniel Clyne,1,DEF,40,-1.0,-90.0,40.0,0,0.0,0.0,0.0,0
Nathaniel Clyne,2,DEF,40,0.0,-60.0,-70.0,1,0.0,0.0,0.0,0
Nathaniel Clyne,3,DEF,40,0.0,-10.0,80.0,0,0.0,0.0,0.0,1
Nayef Aguerd,1,DEF,45,1.0,50.0,50.0,0,0.0,0.0,0.0,1
Nayef Aguerd,2,DEF,45,-1.0,-200.0,-90.0,1,1.8,90.0,1.0,2
Nayef Aguerd,3,DEF,45,0.0,-80.0,-50.0,0,2.3,90.0,1.3333333333333335,0
Nazarii Rusyn,1,FWD,45,-1.0,-50.0,-50.0,1,0.0,0.0,0.0,0
Nazarii Rusyn,2,FWD,45,0.0,0.0,0.0,0,0.0,0.0,0.0,0
Nazarii Rusyn,3,FWD,45,-1.0,-240.0,-30.0,1,0.0,0.0,0.0,0
Neco Williams,1,DEF,50,0.0,-140.0,100.0,1,0.0,0.0,0.0,1
Neco Williams,2,DEF,50,0.0,70.0,60.0,0,5.0,90.0,1.0,2
Neco Williams,3,DEF,50,0.0,50.0,80.0,1,3.9000000000000004,90.0,1.3333333333333335,1
Nectarios Triantis,1,MID,45,-1.0,-50.0,-50.0,1,0.0,0.0,0.0,0
Nectarios Triantis,2,MID,45,0.0,0.0,0.0,0,0.0,0.0,0.0,0
Nectarios Triantis,3,MID,45,-1.0,-240.0,-30.0,1,0.0,0.0,0.0,0
Niall Huggins,1,DEF,40,-1.0,-50.0,-50.0,1,0.0,0.0,0.0,0
Niall Huggins,2,DEF,40,0.0,0.0,0.0,0,0.0,0.0,0.0,0
Niall Huggins,3,DEF,40,-1.0,-240.0,-30.0,1,0.0,0.0,0.0,0
Nick Pope,1,GK,50,1.0,30.0,210.0,0,0.0,0.0,0.0,9
Nick Pope,2,GK,50,-1.0,-250.0,-90.0,1,2.7,90.0,9.0,4
Nick Pope,3,GK,50,2.0,120.0,270.0,0,2.1333333333333337,90.0,7.333333333333334,5
Niclas Füllkrug,1,FWD,60,1.0,50.0,50.0,0,0.0,0.0,0.0,2
Niclas Füllkrug,2,FWD,60,-1.0,-200.0,-90.0,1,4.9,90.0,2.0,1
Niclas Füllkrug,3,FWD,59,0.0,-80.0,-50.0,0,3.733333333333334,75.0,1.6666666666666667,2
Nico González Iglesias,1,MID,60,1.0,130.0,300.0,0,0.0,0.0,0.0,3
Nico González Iglesias,2,MID,60,1.0,0.0,200.0,1,3.6,90.0,3.0,1
Nico González Iglesias,3,MID,60,1.0,40.0,290.0,0,2.966666666666667,84.66666666666667,2.3333333333333335,0
Nico O'Reilly,1,DEF,50,1.0,130.0,300.0,0,0.0,0.0,0.0,0
Nico O'Reilly,2,DEF,50,1.0,0.0,200.0,1,0.5,24.0,0.0,0
Nico O'Reilly,3,DEF,49,1.0,40.0,290.0,0,0.33333333333333337,16.0,0.0,1
Nicolas Jackson,1,FWD,65,1.0,-40.0,90.0,1,0.0,0.0,0.0,0
Nicolas Jackson,2,FWD,65,1.0,90.0,200.0,0,0.0,0.0,0.0,0
Nicolas Jackson,3,FWD,65,1.0,30.0,90.0,1,0.0,0.0,0.0,0
Nicolás Domínguez,1,MID,50,0.0,-140.0,100.0,1,0.0,0.0,0.0,0
Nicolás Domínguez,2,MID,50,0.0,70.0,60.0,0,0.0,0.0,0.0,0
Nicolás Domínguez,3,MID,50,0.0,50.0,80.0,1,0.0,0.0,0.0,0
Nikola Milenković,1,DEF,55,0.0,-140.0,100.0,1,0.0,0.0,0.0,2
Nikola Milenković,2,DEF,55,0.0,70.0,60.0,0,1.8,90.0,2.0,2
Nikola Milenković,3,DEF,55,0.0,50.0,80.0,1,1.8333333333333335,90.0,2.0,1
Noah Okafor,2,MID,55,-2.0,-240.0,-250.0,0,0.0,0.0,0.0,1
Noah Okafor,3,MID,55,-2.0,-270.0,-120.0,1,0.5,24.0,1.0,0
Noah Sadiki,1,MID,50,-1.0,-50.0,-50.0,1,0.0,0.0,0.0,3
Noah Sadiki,2,MID,50,0.0,0.0,0.0,0,1.5,90.0,3.0,2
Noah Sadiki,3,MID,50,-1.0,-240.0,-30.0,1,1.7666666666666666,90.0,2.6666666666666665,2
Noni Madueke,1,MID,70,1.0,250.0,190.0,0,0.0,0.0,0.0,1
Noni Madueke,2,MID,70,2.0,250.0,240.0,1,1.4,30.0,1.0,3
Noni Madueke,3,MID,70,-1.0,-30.0,10.0,0,2.3666666666666663,41.0,1.6666666666666667,2
Norberto Bercique Gomes Betuncal,1,FWD,55,1.0,90.0,40.0,0,0.0,0.0,0.0,2
Norberto Bercique Gomes Betuncal,2,FWD,55,0.0,-70.0,-80.0,1,2.0,90.0,2.0,0
Norberto Bercique Gomes Betuncal,3,FWD,54,0.0,20.0,10.0,0,1.5000000000000002,68.66666666666667,1.3333333333333335,7
Norberto Murara Neto,1,GK,45,-2.0,-220.0,-90.0,0,0.0,0.0,0.0,0
Norberto Murara Neto,2,GK,45,0.0,-50.0,100.0,1,0.0,0.0,0.0,0
Norberto Murara Neto,3,GK,45,0.0,0.0,100.0,0,0.0,0.0,0.0,0
Nordi Mukiele,2,DEF,40,0.0,0.0,0.0,0,0.0,0.0,0.0,0
Nordi Mukiele,3,DEF,40,-1.0,-240.0,-30.0,1,0.0,0.0,0.0,4
Noussair Mazraoui,1,DEF,50,-1.0,-190.0,-250.0,1,0.0,0.0,0.0,0
Noussair Mazraoui,2,DEF,50,0.0,-10.0,10.0,0,0.0,0.0,0.0,0
Noussair Mazraoui,3,DEF,49,1.0,60.0,50.0,1,0.0,0.0,0.0,1
Odsonne Édouard,1,FWD,50,-1.0,-90.0,40.0,0,0.0,0.0,0.0,0
Odsonne Édouard,2,FWD,50,0.0,-60.0,-70.0,1,0.0,0.0,0.0,1
Odsonne Édouard,3,FWD,50,0.0,-10.0,80.0,0,0.06666666666666667,0.6666666666666666,0.3333333333333333,0
Odysseas Vlachodimos,1,GK,40,1.0,30.0,210.0,0,0.0,0.0,0.0,0
Odysseas Vlachodimos,2,GK,40,-1.0,-250.0,-90.0,1,0.0,0.0,0.0,0
Odysseas Vlachodimos,3,GK,40,2.0,120.0,270.0,0,0.0,0.0,0.0,0
Ola Aina,1,DEF,50,0.0,-140.0,100.0,1,0.0,0.0,0.0,4
Ola Aina,2,DEF,50,0.0,70.0,60.0,0,4.5,90.0,4.0,1
Ola Aina,3,DEF,50,0.0,50.0,80.0,1,3.4666666666666672,90.0,3.0000000000000004,1
Oleksandr Zinchenko,1,DEF,50,1.0,250.0,190.0,0,0.0,0.0,0.0,0
Oleksandr Zinchenko,2,DEF,50,2.0,250.0,240.0,1,0.0,0.0,0.0,0
Oleksandr Zinchenko,3,DEF,49,-1.0,-30.0,10.0,0,0.0,0.0,0.0,0
Oliver Sonne,1,DEF,40,-1.0,-110.0,-50.0,0,0.0,0.0,0.0,1
Oliver Sonne,2,DEF,40,0.0,0.0,0.0,1,2.7,73.0,1.0,1
Oliver Sonne,3,DEF,40,-1.0,-50.0,-60.0,0,1.8000000000000003,55.66666666666667,1.0,1
Olivier Boscagli,1,DEF,45,0.0,-30.0,80.0,1,0.0,0.0,0.0,0
Olivier Boscagli,2,DEF,45,0.0,80.0,70.0,0,0.0,0.0,0.0,0
Olivier Boscagli,3,DEF,44,-1.0,-290.0,-40.0,1,0.0,0.0,0.0,0
Ollie Scarles,1,DEF,45,1.0,50.0,50.0,0,0.0,0.0,0.0,0
Ollie Scarles,2,DEF,45,-1.0,-200.0,-90.0,1,0.0,0.0,0.0,0
Ollie Scarles,3,DEF,45,0.0,-80.0,-50.0,0,0.0,0.0,0.0,0
Ollie Watkins,1,FWD,90,-1.0,-210.0,-30.0,1,0.0,0.0,0.0,2
Ollie Watkins,2,FWD,90,0.0,40.0,220.0,0,5.0,90.0,2.0,2
Ollie Watkins,3,FWD,89,0.0,-80.0,10.0,1,4.6000000000000005,90.0,2.0,2
Oluwaseun Adewumi,1,MID,45,-1.0,-110.0,-50.0,0,0.0,0.0,0.0,0
Oluwaseun Adewumi,2,MID,45,0.0,0.0,0.0,1,0.0,0.0,0.0,0
Oluwaseun Adewumi,3,MID,45,-1.0,-50.0,-60.0,0,0.0,0.0,0.0,0
Omar Alderete,1,DEF,40,-1.0,-50.0,-50.0,1,0.0,0.0,0.0,4
Omar Alderete,2,DEF,40,0.0,0.0,0.0,0,4.4,37.0,4.0,1
Omar Alderete,3,DEF,40,-1.0,-240.0,-30.0,1,4.300000000000001,54.66666666666667,3.0000000000000004,4
Omar Marmoush,1,MID,85,1.0,130.0,300.0,0,0.0,0.0,0.0,1
Omar Marmoush,2,MID,84,1.0,0.0,200.0,1,0.7,24.0,1.0,1
Omar Marmoush,3,MID,84,1.0,40.0,290.0,0,2.2,33.666666666666664,1.0,7
Omar Richards,1,DEF,45,0.0,-140.0,100.0,1,0.0,0.0,0.0,0
Omar Richards,2,DEF,45,0.0,70.0,60.0,0,0.0,0.0,0.0,0
Omar Richards,3,DEF,45,0.0,50.0,80.0,1,0.0,0.0,0.0,0
Omari Hutchinson,2,MID,55,0.0,70.0,60.0,0,0.0,0.0,0.0,1
Omari Hutchinson,3,MID,55,0.0,50.0,80.0,1,0.5,8.0,1.0,1
Oscar Bobb,1,MID,55,1.0,130.0,300.0,0,0.0,0.0,0.0,6
Oscar Bobb,2,MID,55,1.0,0.0,200.0,1,5.8,90.0,6.0,2
Oscar Bobb,3,MID,55,1.0,40.0,290.0,0,5.733333333333333,84.66666666666667,4.666666666666667,2
Owen Bevan,1,DEF,40,-2.0,-220.0,-90.0,0,0.0,0.0,0.0,0
Owen Bevan,2,DEF,40,0.0,-50.0,100.0,1,0.0,0.0,0.0,0
Owen Bevan,3,DEF,40,0.0,0.0,100.0,0,0.0,0.0,0.0,0
Owen Dodgson,1,DEF,40,-1.0,-110.0,-50.0,0,0.0,0.0,0.0,0
Owen Dodgson,2,DEF,40,0.0,0.0,0.0,1,0.0,0.0,0.0,0
Owen Dodgson,3,DEF,40,-1.0,-50.0,-60.0,0,0.0,0.0,0.0,0
Pape Matar Sarr,1,MID,50,1.0,50.0,110.0,1,0.0,0.0,0.0,6
Pape Matar Sarr,2,MID,50,-1.0,-200.0,0.0,0,5.4,90.0,6.0,3
Pape Matar Sarr,3,MID,50,0.0,-100.0,0.0,1,4.500000000000001,90.0,5.0,2
Paris Maghoma,1,MID,45,0.0,-100.0,140.0,0,0.0,0.0,0.0,0
Paris Maghoma,2,MID,45,0.0,-220.0,-40.0,1,0.0,0.0,0.0,0
Paris Maghoma,3,MID,45,1.0,30.0,240.0,0,0.0,0.0,0.0,0
Pascal Struijk,1,DEF,45,-1.0,-40.0,-90.0,1,0.0,0.0,0.0,8
Pascal Struijk,2,DEF,45,-2.0,-240.0,-250.0,0,4.4,90.0,8.0,0
Pascal Struijk,3,DEF,45,-2.0,-270.0,-120.0,1,4.066666666666667,90.0,5.333333333333334,6
Patrick Bamford,1,FWD,50,-1.0,-40.0,-90.0,1,0.0,0.0,0.0,0
Patrick Bamford,2,FWD,50,-2.0,-240.0,-250.0,0,0.0,0.0,0.0,0
Patrick Bamford,3,FWD,49,-2.0,-270.0,-120.0,1,0.0,0.0,0.0,0
Patrick Dorgu,1,DEF,45,-1.0,-190.0,-250.0,1,0.0,0.0,0.0,1
Patrick Dorgu,2,DEF,45,0.0,-10.0,10.0,0,2.0,90.0,1.0,2
Patrick Dorgu,3,DEF,45,1.0,60.0,50.0,1,1.8333333333333335,90.0,1.3333333333333335,0
Patrick Roberts,1,MID,55,-1.0,-50.0,-50.0,1,0.0,0.0,0.0,0
Patrick Roberts,2,MID,54,0.0,0.0,0.0,0,0.0,0.0,0.0,1
Patrick Roberts,3,MID,54,-1.0,-240.0,-30.0,1,0.4666666666666666,9.0,0.3333333333333333,0
Pau Torres,1,DEF,45,-1.0,-210.0,-30.0,1,0.0,0.0,0.0,0
Pau Torres,2,DEF,45,0.0,40.0,220.0,0,0.0,0.0,0.0,2
Pau Torres,3,DEF,45,0.0,-80.0,10.0,1,1.0666666666666667,30.0,0.6666666666666666,1
Pedro Cardoso de Lima,1,DEF,40,-1.0,-300.0,-130.0,1,0.0,0.0,0.0,0
Pedro Cardoso de Lima,2,DEF,40,0.0,-100.0,50.0,0,0.0,0.0,0.0,0
Pedro Cardoso de Lima,3,DEF,40,0.0,-10.0,-20.0,1,0.0,0.0,0.0,0
Pedro Lomba Neto,1,MID,70,1.0,-40.0,90.0,1,0.0,0.0,0.0,3
Pedro Lomba Neto,2,MID,70,1.0,90.0,200.0,0,6.2,90.0,3.0,7
Pedro Lomba Neto,3,MID,70,1.0,30.0,90.0,1,7.0,90.0,4.333333333333333,3
Pedro Porro Sauceda,1,DEF,55,1.0,50.0,110.0,1,0.0,0.0,0.0,6
Pedro Porro Sauceda,2,DEF,55,-1.0,-200.0,0.0,0,6.5,90.0,6.0,5
Pedro Porro Sauceda,3,DEF,56,0.0,-100.0,0.0,1,6.233333333333334,90.0,5.666666666666666,4
Pervis Estupiñán Tenorio,1,DEF,45,0.0,-30.0,80.0,1,0.0,0.0,0.0,0
Pervis Estupiñán Tenorio,2,DEF,45,0.0,80.0,70.0,0,0.0,0.0,0.0,0
Pervis Estupiñán Tenorio,3,DEF,45,-1.0,-290.0,-40.0,1,0.0,0.0,0.0,0
Phil Foden,1,MID,80,1.0,130.0,300.0,0,0.0,0.0,0.0,0
Phil Foden,2,MID,80,1.0,0.0,200.0,1,0.0,0.0,0.0,1
Phil Foden,3,MID,80,1.0,40.0,290.0,0,1.0666666666666667,5.0,0.3333333333333333,0
Philip Billing,1,MID,50,-2.0,-220.0,-90.0,0,0.0,0.0,0.0,0
Philip Billing,2,MID,50,0.0,-50.0,100.0,1,0.0,0.0,0.0,0
Philip Billing,3,MID,49,0.0,0.0,100.0,0,0.0,0.0,0.0,0
Pierre Ekwah Elimby,1,MID,45,-1.0,-50.0,-50.0,1,0.0,0.0,0.0,0
Pierre Ekwah Elimby,2,MID,45,0.0,0.0,0.0,0,0.0,0.0,0.0,0
Pierre Ekwah Elimby,3,MID,45,-1.0,-240.0,-30.0,1,0.0,0.0,0.0,0
Quilindschy Hartman,1,DEF,40,-1.0,-110.0,-50.0,0,0.0,0.0,0.0,1
Quilindschy Hartman,2,DEF,40,0.0,0.0,0.0,1,2.7,90.0,1.0,6
Quilindschy Hartman,3,DEF,40,-1.0,-50.0,-60.0,0,2.7666666666666666,90.0,2.666666666666667,1
Radu Drăgușin,1,DEF,45,1.0,50.0,110.0,1,0.0,0.0,0.0,0
Radu Drăgușin,2,DEF,45,-1.0,-200.0,0.0,0,0.0,0.0,0.0,0
Radu Drăgușin,3,DEF,45,0.0,-100.0,0.0,1,0.0,0.0,0.0,0
Rasmus Højlund,1,FWD,65,-1.0,-190.0,-250.0,1,0.0,0.0,0.0,0
Rasmus Højlund,2,FWD,64,0.0,-10.0,10.0,0,0.0,0.0,0.0,0
Rasmus Højlund,3,FWD,64,1.0,60.0,50.0,1,0.0,0.0,0.0,0
Rayan Aït-Nouri,1,DEF,60,1.0,130.0,300.0,0,0.0,0.0,0.0,9
Rayan Aït-Nouri,2,DEF,60,1.0,0.0,200.0,1,4.7,90.0,9.0,1
Rayan Aït-Nouri,3,DEF,60,1.0,40.0,290.0,0,3.1333333333333337,67.33333333333334,6.333333333333334,0
Rayan Cherki,1,MID,65,1.0,130.0,300.0,0,0.0,0.0,0.0,6
Rayan Cherki,2,MID,65,1.0,0.0,200.0,1,4.6,17.0,6.0,1
Rayan Cherki,3,MID,65,1.0,40.0,290.0,0,4.666666666666667,29.0,4.333333333333333,0
Raúl Jiménez Rodríguez,1,FWD,65,0.0,-80.0,30.0,0,0.0,0.0,0.0,2
Raúl Jiménez Rodríguez,2,FWD,65,0.0,-10.0,10.0,1,0.7,65.0,2.0,1
Raúl Jiménez Rodríguez,3,FWD,64,-1.0,-90.0,-30.0,0,0.6333333333333333,49.66666666666667,1.6666666666666667,1
Reece James,1,DEF,55,1.0,-40.0,90.0,1,0.0,0.0,0.0,5
Reece James,2,DEF,55,1.0,90.0,200.0,0,6.4,78.0,5.0,1
Reece James,3,DEF,55,1.0,30.0,90.0,1,4.866666666666667,59.00000000000001,3.6666666666666674,1
Reece Welch,1,DEF,40,1.0,90.0,40.0,0,0.0,0.0,0.0,0
Reece Welch,2,DEF,40,0.0,-70.0,-80.0,1,0.0,0.0,0.0,0
Reece Welch,3,DEF,40,0.0,20.0,10.0,0,0.0,0.0,0.0,0
Reinildo Mandava,1,DEF,40,-1.0,-50.0,-50.0,1,0.0,0.0,0.0,6
Reinildo Mandava,2,DEF,40,0.0,0.0,0.0,0,1.6,90.0,6.0,3
Reinildo Mandava,3,DEF,40,-1.0,-240.0,-30.0,1,2.4000000000000004,90.0,5.0,1
Reiss Nelson,1,MID,50,1.0,250.0,190.0,0,0.0,0.0,0.0,0
Reiss Nelson,2,MID,50,2.0,250.0,240.0,1,0.0,0.0,0.0,0
Reiss Nelson,3,MID,50,-1.0,-30.0,10.0,0,0.0,0.0,0.0,0
Remi Matthews,1,GK,40,-1.0,-90.0,40.0,0,0.0,0.0,0.0,0
Remi Matthews,2,GK,40,0.0,-60.0,-70.0,1,0.0,0.0,0.0,0
Remi Matthews,3,GK,40,0.0,-10.0,80.0,0,0.0,0.0,0.0,0
Remy Rees-Dottin,1,MID,45,-2.0,-220.0,-90.0,0,0.0,0.0,0.0,0
Remy Rees-Dottin,2,MID,45,0.0,-50.0,100.0,1,0.0,0.0,0.0,0
Remy Rees-Dottin,3,MID,45,0.0,0.0,100.0,0,0.0,0.0,0.0,0
Rhys Williams,1,DEF,40,2.0,90.0,220.0,1,0.0,0.0,0.0,0
Rhys Williams,2,DEF,40,1.0,90.0,250.0,0,0.0,0.0,0.0,0
Rhys Williams,3,DEF,40,1.0,-10.0,30.0,1,0.0,0.0,0.0,0
Riccardo Calafiori,1,DEF,55,1.0,250.0,190.0,0,0.0,0.0,0.0,13
Riccardo Calafiori,2,DEF,55,2.0,250.0,240.0,1,7.3,71.0,13.0,13
Riccardo Calafiori,3,DEF,56,-1.0,-30.0,10.0,0,7.566666666666666,68.33333333333334,13.0,2
Richarlison de Andrade,1,FWD,65,1.0,50.0,110.0,1,0.0,0.0,0.0,13
Richarlison de Andrade,2,FWD,66,-1.0,-200.0,0.0,0,15.4,71.0,13.0,4
Richarlison de Andrade,3,FWD,67,0.0,-100.0,0.0,1,11.966666666666667,73.0,10.000000000000002,2
Rico Henry,1,DEF,45,0.0,-100.0,140.0,0,0.0,0.0,0.0,1
Rico Henry,2,DEF,45,0.0,-220.0,-40.0,1,2.6,87.0,1.0,1
Rico Henry,3,DEF,45,1.0,30.0,240.0,0,1.8000000000000003,60.00000000000001,1.0,-1
Rico Lewis,1,DEF,50,1.0,130.0,300.0,0,0.0,0.0,0.0,11
Rico Lewis,2,DEF,50,1.0,0.0,200.0,1,5.0,65.0,11.0,1
Rico Lewis,3,DEF,50,1.0,40.0,290.0,0,4.533333333333334,73.33333333333334,7.666666666666667,1
Rio Cardines,1,MID,45,-1.0,-90.0,40.0,0,0.0,0.0,0.0,0
Rio Cardines,2,MID,45,0.0,-60.0,-70.0,1,0.0,0.0,0.0,0
Rio Cardines,3,MID,45,0.0,-10.0,80.0,0,0.0,0.0,0.0,0
Rio Ngumoha,1,MID,45,2.0,90.0,220.0,1,0.0,0.0,0.0,0
Rio Ngumoha,2,MID,45,1.0,90.0,250.0,0,0.0,0.0,0.0,6
Rio Ngumoha,3,MID,45,1.0,-10.0,30.0,1,1.6999999999999997,0.3333333333333333,2.0,0
Rob Holding,1,DEF,40,-1.0,-90.0,40.0,0,0.0,0.0,0.0,0
Rob Holding,2,DEF,40,0.0,-60.0,-70.0,1,0.0,0.0,0.0,0
Rob Holding,3,DEF,40,0.0,-10.0,80.0,0,0.0,0.0,0.0,0
Robert Lynch Sánchez,1,GK,50,1.0,-40.0,90.0,1,0.0,0.0,0.0,8
Robert Lynch Sánchez,2,GK,50,1.0,90.0,200.0,0,2.4,90.0,8.0,3
Robert Lynch Sánchez,3,GK,50,1.0,30.0,90.0,1,2.4,90.0,6.333333333333334,6
Robin Roefs,1,GK,45,-1.0,-50.0,-50.0,1,0.0,0.0,0.0,8
Robin Roefs,2,GK,45,0.0,0.0,0.0,0,3.0,90.0,8.0,1
Robin Roefs,3,GK,45,-1.0,-240.0,-30.0,1,2.1333333333333333,90.0,5.666666666666667,8
Rodrigo 'Rodri' Hernandez Cascante,1,MID,65,1.0,130.0,300.0,0,0.0,0.0,0.0,0
Rodrigo 'Rodri' Hernandez Cascante,2,MID,64,1.0,0.0,200.0,1,0.0,0.0,0.0,1
Rodrigo 'Rodri' Hernandez Cascante,3,MID,64,1.0,40.0,290.0,0,1.1333333333333333,5.0,0.3333333333333333,2
Rodrigo Bentancur,1,MID,55,1.0,50.0,110.0,1,0.0,0.0,0.0,1
Rodrigo Bentancur,2,MID,55,-1.0,-200.0,0.0,0,0.6,19.0,1.0,3
Rodrigo Bentancur,3,MID,55,0.0,-100.0,0.0,1,1.2666666666666666,42.66666666666667,1.6666666666666667,2
Rodrigo Martins Gomes,1,DEF,45,-1.0,-300.0,-130.0,1,0.0,0.0,0.0,1
Rodrigo Martins Gomes,2,DEF,45,0.0,-100.0,50.0,0,0.7,17.0,1.0,0
Rodrigo Martins Gomes,3,DEF,45,0.0,-10.0,-20.0,1,0.4666666666666667,11.333333333333334,0.6666666666666667,7
Rodrigo Muniz Carvalho,1,FWD,55,0.0,-80.0,30.0,0,0.0,0.0,0.0,7
Rodrigo Muniz Carvalho,2,FWD,55,0.0,-10.0,10.0,1,6.4,24.0,7.0,0
Rodrigo Muniz Carvalho,3,FWD,55,-1.0,-90.0,-30.0,0,5.300000000000001,39.33333333333333,4.666666666666667,1
Romain Esse,1,MID,50,-1.0,-90.0,40.0,0,0.0,0.0,0.0,0
Romain Esse,2,MID,50,0.0,-60.0,-70.0,1,0.0,0.0,0.0,1
Romain Esse,3,MID,49,0.0,-10.0,80.0,0,0.2333333333333333,8.0,0.3333333333333333,0
Romain Faivre,1,MID,45,-2.0,-220.0,-90.0,0,0.0,0.0,0.0,0
Romain Faivre,2,MID,45,0.0,-50.0,100.0,1,0.0,0.0,0.0,0
Romain Faivre,3,MID,45,0.0,0.0,100.0,0,0.0,0.0,0.0,0
Romaine Mundle,1,MID,50,-1.0,-50.0,-50.0,1,0.0,0.0,0.0,0
Romaine Mundle,2,MID,50,0.0,0.0,0.0,0,0.0,0.0,0.0,0
Romaine Mundle,3,MID,49,-1.0,-240.0,-30.0,1,0.0,0.0,0.0,0
Roman Dixon,1,DEF,40,1.0,90.0,40.0,0,0.0,0.0,0.0,0
Roman Dixon,2,DEF,40,0.0,-70.0,-80.0,1,0.0,0.0,0.0,0
Roman Dixon,3,DEF,40,0.0,20.0,10.0,0,0.0,0.0,0.0,0
Romelle Donovan,1,MID,45,0.0,-100.0,140.0,0,0.0,0.0,0.0,0
Romelle Donovan,2,MID,45,0.0,-220.0,-40.0,1,0.0,0.0,0.0,0
Romelle Donovan,3,MID,45,1.0,30.0,240.0,0,0.0,0.0,0.0,0
Roméo Lavia,1,MID,50,1.0,-40.0,90.0,1,0.0,0.0,0.0,0
Roméo Lavia,2,MID,50,1.0,90.0,200.0,0,0.0,0.0,0.0,0
Roméo Lavia,3,MID,49,1.0,30.0,90.0,1,0.0,0.0,0.0,0
Ross Barkley,1,MID,50,-1.0,-210.0,-30.0,1,0.0,0.0,0.0,0
Ross Barkley,2,MID,50,0.0,40.0,220.0,0,0.0,0.0,0.0,0
Ross Barkley,3,MID,49,0.0,-80.0,10.0,1,0.0,0.0,0.0,0
Ryan Christie,1,MID,50,-2.0,-220.0,-90.0,0,0.0,0.0,0.0,0
Ryan Christie,2,MID,50,0.0,-50.0,100.0,1,0.0,0.0,0.0,1
Ryan Christie,3,MID,50,0.0,0.0,100.0,0,0.7666666666666666,8.0,0.3333333333333333,1
Ryan Gravenberch,1,MID,55,2.0,90.0,220.0,1,0.0,0.0,0.0,0
Ryan Gravenberch,2,MID,55,1.0,90.0,250.0,0,0.0,0.0,0.0,7
Ryan Gravenberch,3,MID,55,1.0,-10.0,30.0,1,1.8,30.0,2.333333333333333,2
Ryan Sessegnon,1,MID,55,0.0,-80.0,30.0,0,0.0,0.0,0.0,0
Ryan Sessegnon,2,MID,55,0.0,-10.0,10.0,1,0.0,0.0,0.0,2
Ryan Sessegnon,3,MID,54,-1.0,-90.0,-30.0,0,1.0666666666666667,20.333333333333332,0.6666666666666666,2
Ryan Trevitt,1,MID,45,0.0,-100.0,140.0,0,0.0,0.0,0.0,0
Ryan Trevitt,2,MID,45,0.0,-220.0,-40.0,1,0.0,0.0,0.0,0
Ryan Trevitt,3,MID,45,1.0,30.0,240.0,0,0.0,0.0,0.0,0
Ryan Yates,1,MID,50,0.0,-140.0,100.0,1,0.0,0.0,0.0,1
Ryan Yates,2,MID,50,0.0,70.0,60.0,0,0.8,6.0,1.0,1
Ryan Yates,3,MID,49,0.0,50.0,80.0,1,0.6666666666666667,4.666666666666667,1.0,0
Rúben dos Santos Gato Alves Dias,1,DEF,55,1.0,130.0,300.0,0,0.0,0.0,0.0,6
Rúben dos Santos Gato Alves Dias,2,DEF,55,1.0,0.0,200.0,1,2.5,90.0,6.0,1
Rúben dos Santos Gato Alves Dias,3,DEF,55,1.0,40.0,290.0,0,2.3333333333333335,90.0,4.333333333333333,1
Sam Byram,1,DEF,40,-1.0,-40.0,-90.0,1,0.0,0.0,0.0,0
Sam Byram,2,DEF,40,-2.0,-240.0,-250.0,0,0.0,0.0,0.0,1
Sam Byram,3,DEF,40,-2.0,-270.0,-120.0,1,0.0,2.333333333333333,0.3333333333333333,0
Sam Greenwood,1,MID,50,-1.0,-40.0,-90.0,1,0.0,0.0,0.0,0
Sam Greenwood,2,MID,50,-2.0,-240.0,-250.0,0,0.0,0.0,0.0,0
Sam Greenwood,3,MID,49,-2.0,-270.0,-120.0,1,0.0,0.0,0.0,0
Sam Johnstone,1,GK,45,-1.0,-300.0,-130.0,1,0.0,0.0,0.0,0
Sam Johnstone,2,GK,45,0.0,-100.0,50.0,0,0.0,0.0,0.0,0
Sam Johnstone,3,GK,45,0.0,-10.0,-20.0,1,0.0,0.0,0.0,0
Sam Proctor,2,GK,40,0.0,40.0,220.0,0,0.0,0.0,0.0,0
Sam Proctor,3,GK,40,0.0,-80.0,10.0,1,0.0,0.0,0.0,0
Samuel Amissah,1,DEF,40,0.0,-80.0,30.0,0,0.0,0.0,0.0,0
Samuel Amissah,2,DEF,40,0.0,-10.0,10.0,1,0.0,0.0,0.0,0
Samuel Amissah,3,DEF,40,-1.0,-90.0,-30.0,0,0.0,0.0,0.0,0
Samuel Iling-Junior,1,MID,55,-1.0,-210.0,-30.0,1,0.0,0.0,0.0,0
Samuel Iling-Junior,2,MID,55,0.0,40.0,220.0,0,0.0,0.0,0.0,0
Samuel Iling-Junior,3,MID,55,0.0,-80.0,10.0,1,0.0,0.0,0.0,0
Sander Berge,1,MID,50,0.0,-80.0,30.0,0,0.0,0.0,0.0,2
Sander Berge,2,MID,50,0.0,-10.0,10.0,1,0.2,65.0,2.0,2
Sander Berge,3,MID,50,-1.0,-90.0,-30.0,0,0.6,73.33333333333334,2.0,2
Sandro Tonali,1,MID,55,1.0,30.0,210.0,0,0.0,0.0,0.0,3
Sandro Tonali,2,MID,55,-1.0,-250.0,-90.0,1,4.3,90.0,3.0,2
Sandro Tonali,3,MID,54,2.0,120.0,270.0,0,3.2,81.66666666666667,2.6666666666666665,3
Santiago Ignacio Bueno,1,DEF,45,-1.0,-300.0,-130.0,1,0.0,0.0,0.0,0
Santiago Ignacio Bueno,2,DEF,45,0.0,-100.0,50.0,0,0.0,0.0,0.0,1
Santiago Ignacio Bueno,3,DEF,45,0.0,-10.0,-20.0,1,0.39999999999999997,11.333333333333332,0.3333333333333333,3
Saša Kalajdžić,1,FWD,50,-1.0,-300.0,-130.0,1,0.0,0.0,0.0,0
Saša Kalajdžić,2,FWD,50,0.0,-100.0,50.0,0,0.0,0.0,0.0,0
Saša Kalajdžić,3,FWD,49,0.0,-10.0,-20.0,1,0.0,0.0,0.0,1
Saša Lukić,1,MID,50,0.0,-80.0,30.0,0,0.0,0.0,0.0,2
Saša Lukić,2,MID,50,0.0,-10.0,10.0,1,1.7,90.0,2.0,3
Saša Lukić,3,MID,50,-1.0,-90.0,-30.0,0,3.8,90.0,2.3333333333333335,1
Sean Longstaff,1,MID,50,-1.0,-40.0,-90.0,1,0.0,0.0,0.0,1
Sean Longstaff,2,MID,50,-2.0,-240.0,-250.0,0,0.1,1.0,1.0,1
Sean Longstaff,3,MID,49,-2.0,-270.0,-120.0,1,0.13333333333333336,11.333333333333332,1.0,5
Sean Neave,1,FWD,45,1.0,30.0,210.0,0,0.0,0.0,0.0,0
Sean Neave,2,FWD,45,-1.0,-250.0,-90.0,1,0.0,0.0,0.0,0
Sean Neave,3,FWD,45,2.0,120.0,270.0,0,0.0,0.0,0.0,0
Sebastiaan Bornauw,1,DEF,40,-1.0,-40.0,-90.0,1,0.0,0.0,0.0,0
Sebastiaan Bornauw,2,DEF,40,-2.0,-240.0,-250.0,0,0.0,0.0,0.0,0
Sebastiaan Bornauw,3,DEF,40,-2.0,-270.0,-120.0,1,0.0,0.0,0.0,0
Sepp van den Berg,1,DEF,45,0.0,-100.0,140.0,0,0.0,0.0,0.0,3
Sepp van den Berg,2,DEF,45,0.0,-220.0,-40.0,1,5.9,90.0,3.0,8
Sepp van den Berg,3,DEF,45,1.0,30.0,240.0,0,4.866666666666667,90.0,4.666666666666666,3
Seung-Soo Park,1,MID,45,1.0,30.0,210.0,0,0.0,0.0,0.0,0
Seung-Soo Park,2,MID,45,-1.0,-250.0,-90.0,1,0.0,0.0,0.0,0
Seung-Soo Park,3,MID,45,2.0,120.0,270.0,0,0.0,0.0,0.0,0
Shurandy Sambo,1,DEF,40,-1.0,-110.0,-50.0,0,0.0,0.0,0.0,0
Shurandy Sambo,2,DEF,40,0.0,0.0,0.0,1,0.0,0.0,0.0,0
Shurandy Sambo,3,DEF,40,-1.0,-50.0,-60.0,0,0.0,0.0,0.0,0
Simon Adingra,1,MID,55,-1.0,-50.0,-50.0,1,0.0,0.0,0.0,6
Simon Adingra,2,MID,55,0.0,0.0,0.0,0,2.0,75.0,6.0,1
Simon Adingra,3,MID,55,-1.0,-240.0,-30.0,1,2.2666666666666666,70.66666666666667,4.333333333333333,1
Simon Moore,1,GK,40,-1.0,-50.0,-50.0,1,0.0,0.0,0.0,0
Simon Moore,2,GK,40,0.0,0.0,0.0,0,0.0,0.0,0.0,0
Simon Moore,3,GK,40,-1.0,-240.0,-30.0,1,0.0,0.0,0.0,0
Solly March,1,MID,60,0.0,-30.0,80.0,1,0.0,0.0,0.0,0
Solly March,2,MID,59,0.0,80.0,70.0,0,0.0,0.0,0.0,0
Solly March,3,MID,59,-1.0,-290.0,-40.0,1,0.0,0.0,0.0,0
Son Heung-min,1,MID,85,1.0,50.0,110.0,1,0.0,0.0,0.0,0
Son Heung-min,2,MID,85,-1.0,-200.0,0.0,0,0.0,0.0,0.0,0
Son Heung-min,3,MID,85,0.0,-100.0,0.0,1,0.0,0.0,0.0,0
Stefan Bajčetić Maquieira,1,MID,45,2.0,90.0,220.0,1,0.0,0.0,0.0,0
Stefan Bajčetić Maquieira,2,MID,45,1.0,90.0,250.0,0,0.0,0.0,0.0,0
Stefan Bajčetić Maquieira,3,MID,44,1.0,-10.0,30.0,1,0.0,0.0,0.0,0
Stefan Ortega Moreno,1,GK,50,1.0,130.0,300.0,0,0.0,0.0,0.0,0
Stefan Ortega Moreno,2,GK,50,1.0,0.0,200.0,1,0.0,0.0,0.0,0
Stefan Ortega Moreno,3,GK,49,1.0,40.0,290.0,0,0.0,0.0,0.0,0
Stefanos Tzimas,1,FWD,55,0.0,-30.0,80.0,1,0.0,0.0,0.0,0
Stefanos Tzimas,2,FWD,55,0.0,80.0,70.0,0,0.0,0.0,0.0,0
Stefanos Tzimas,3,FWD,54,-1.0,-290.0,-40.0,1,0.0,0.0,0.0,0
Steven Benda,1,GK,40,0.0,-80.0,30.0,0,0.0,0.0,0.0,0
Steven Benda,2,GK,40,0.0,-10.0,10.0,1,0.0,0.0,0.0,0
Steven Benda,3,GK,40,-1.0,-90.0,-30.0,0,0.0,0.0,0.0,0
Sven Botman,1,DEF,50,1.0,30.0,210.0,0,0.0,0.0,0.0,0
Sven Botman,2,DEF,50,-1.0,-250.0,-90.0,1,0.0,0.0,0.0,0
Sven Botman,3,DEF,49,2.0,120.0,270.0,0,0.0,0.0,0.0,8
Sverre Nypan,1,MID,50,1.0,130.0,300.0,0,0.0,0.0,0.0,0
Sverre Nypan,2,MID,50,1.0,0.0,200.0,1,0.0,0.0,0.0,0
Sverre Nypan,3,MID,50,1.0,40.0,290.0,0,0.0,0.0,0.0,0
Sávio Moreira de Oliveira,1,MID,70,1.0,130.0,300.0,0,0.0,0.0,0.0,0
Sávio Moreira de Oliveira,2,MID,69,1.0,0.0,200.0,1,0.0,0.0,0.0,0
Sávio Moreira de Oliveira,3,MID,69,1.0,40.0,290.0,0,0.0,0.0,0.0,0
Séamus Coleman,1,DEF,45,1.0,90.0,40.0,0,0.0,0.0,0.0,0
Séamus Coleman,2,DEF,45,0.0,-70.0,-80.0,1,0.0,0.0,0.0,0
Séamus Coleman,3,DEF,45,0.0,20.0,10.0,0,0.0,0.0,0.0,1
Sékou Koné,1,MID,45,-1.0,-190.0,-250.0,1,0.0,0.0,0.0,0
Sékou Koné,2,MID,45,0.0,-10.0,10.0,0,0.0,0.0,0.0,0
Sékou Koné,3,MID,45,1.0,60.0,50.0,1,0.0,0.0,0.0,0
Taiwo Awoniyi,1,FWD,55,0.0,-140.0,100.0,1,0.0,0.0,0.0,0
Taiwo Awoniyi,2,FWD,55,0.0,70.0,60.0,0,0.0,0.0,0.0,0
Taiwo Awoniyi,3,FWD,54,0.0,50.0,80.0,1,0.0,0.0,0.0,0
Takai Kōta,1,DEF,40,1.0,50.0,110.0,1,0.0,0.0,0.0,0
Takai Kōta,2,DEF,40,-1.0,-200.0,0.0,0,0.0,0.0,0.0,0
Takai Kōta,3,DEF,40,0.0,-100.0,0.0,1,0.0,0.0,0.0,0
Tanaka Ao,1,MID,50,-1.0,-40.0,-90.0,1,0.0,0.0,0.0,3
Tanaka Ao,2,MID,50,-2.0,-240.0,-250.0,0,3.6,90.0,3.0,1
Tanaka Ao,3,MID,50,-2.0,-270.0,-120.0,1,2.5000000000000004,79.0,2.3333333333333335,0
Tariq Lamptey,1,DEF,45,0.0,-30.0,80.0,1,0.0,0.0,0.0,0
Tariq Lamptey,2,DEF,45,0.0,80.0,70.0,0,0.0,0.0,0.0,0
Tariq Lamptey,3,DEF,44,-1.0,-290.0,-40.0,1,0.0,0.0,0.0,0
Tawanda Chirewa,1,MID,45,-1.0,-300.0,-130.0,1,0.0,0.0,0.0,0
Tawanda Chirewa,2,MID,45,0.0,-100.0,50.0,0,0.0,0.0,0.0,0
Tawanda Chirewa,3,MID,45,0.0,-10.0,-20.0,1,0.0,0.0,0.0,0
Thierno Barry,1,FWD,60,1.0,90.0,40.0,0,0.0,0.0,0.0,1
Thierno Barry,2,FWD,60,0.0,-70.0,-80.0,1,0.3,4.0,1.0,2
Thierno Barry,3,FWD,59,0.0,20.0,10.0,0,0.6,23.666666666666668,1.3333333333333335,1
Tijjani Reijnders,1,MID,55,1.0,130.0,300.0,0,0.0,0.0,0.0,10
Tijjani Reijnders,2,MID,56,1.0,0.0,200.0,1,10.2,90.0,10.0,2
Tijjani Reijnders,3,MID,57,1.0,40.0,290.0,0,7.300000000000001,90.0,7.333333333333335,2
Tim Iroegbunam,1,MID,50,1.0,90.0,40.0,0,0.0,0.0,0.0,2
Tim Iroegbunam,2,MID,50,0.0,-70.0,-80.0,1,1.3,70.0,2.0,2
Tim Iroegbunam,3,MID,50,0.0,20.0,10.0,0,1.3,70.0,2.0,1
Timothy Castagne,1,DEF,45,0.0,-80.0,30.0,0,0.0,0.0,0.0,1
Timothy Castagne,2,DEF,45,0.0,-10.0,10.0,1,0.3,6.0,1.0,2
Timothy Castagne,3,DEF,45,-1.0,-90.0,-30.0,0,1.2333333333333332,24.333333333333332,1.3333333333333335,0
Timothée Pembélé,1,DEF,40,-1.0,-50.0,-50.0,1,0.0,0.0,0.0,0
Timothée Pembélé,2,DEF,40,0.0,0.0,0.0,0,0.0,0.0,0.0,0
Timothée Pembélé,3,DEF,40,-1.0,-240.0,-30.0,1,0.0,0.0,0.0,0
Tino Livramento,1,DEF,50,1.0,30.0,210.0,0,0.0,0.0,0.0,9
Tino Livramento,2,DEF,50,-1.0,-250.0,-90.0,1,4.7,90.0,9.0,4
Tino Livramento,3,DEF,51,2.0,120.0,270.0,0,4.6000000000000005,90.0,7.333333333333334,6
Toby Collyer,1,MID,45,-1.0,-190.0,-250.0,1,0.0,0.0,0.0,0
Toby Collyer,2,MID,45,0.0,-10.0,10.0,0,0.0,0.0,0.0,0
Toby Collyer,3,MID,45,1.0,60.0,50.0,1,0.0,0.0,0.0,0
Tom Cairney,1,MID,50,0.0,-80.0,30.0,0,0.0,0.0,0.0,0
Tom Cairney,2,MID,50,0.0,-10.0,10.0,1,0.0,24.0,0.0,0
Tom Cairney,3,MID,49,-1.0,-90.0,-30.0,0,0.0,16.0,0.0,0
Tom Edozie,1,MID,45,-1.0,-300.0,-130.0,1,0.0,0.0,0.0,0
Tom Edozie,2,MID,45,0.0,-100.0,50.0,0,0.0,0.0,0.0,0
Tom Edozie,3,MID,45,0.0,-10.0,-20.0,1,0.0,0.0,0.0,0
Tom Heaton,1,GK,40,-1.0,-190.0,-250.0,1,0.0,0.0,0.0,0
Tom Heaton,2,GK,40,0.0,-10.0,10.0,0,0.0,0.0,0.0,0
Tom Heaton,3,GK,40,1.0,60.0,50.0,1,0.0,0.0,0.0,0
Tom King,1,GK,40,-1.0,-300.0,-130.0,1,0.0,0.0,0.0,0
Tom King,2,GK,40,0.0,-70.0,-80.0,1,0.0,0.0,0.0,0
Tom King,3,GK,40,0.0,20.0,10.0,0,0.0,0.0,0.0,0
Tom McGill,1,GK,40,0.0,-30.0,80.0,1,0.0,0.0,0.0,0
Tom McGill,2,GK,40,0.0,80.0,70.0,0,0.0,0.0,0.0,0
Tom McGill,3,GK,40,-1.0,-290.0,-40.0,1,0.0,0.0,0.0,0
Tom Watson,1,MID,50,0.0,-30.0,80.0,1,0.0,0.0,0.0,0
Tom Watson,2,MID,50,0.0,80.0,70.0,0,0.0,0.0,0.0,0
Tom Watson,3,MID,50,-1.0,-290.0,-40.0,1,0.0,0.0,0.0,0
Tommy Setford,1,GK,40,1.0,250.0,190.0,0,0.0,0.0,0.0,0
Tommy Setford,2,GK,40,2.0,250.0,240.0,1,0.0,0.0,0.0,0
Tommy Setford,3,GK,40,-1.0,-30.0,10.0,0,0.0,0.0,0.0,0
Tomáš Souček,1,MID,60,1.0,50.0,50.0,0,0.0,0.0,0.0,1
Tomáš Souček,2,MID,59,-1.0,-200.0,-90.0,1,2.5,19.0,1.0,2
Tomáš Souček,3,MID,59,0.0,-80.0,-50.0,0,2.6333333333333337,35.66666666666667,1.3333333333333335,3
Tosin Adarabioyo,1,DEF,45,1.0,-40.0,90.0,1,0.0,0.0,0.0,0
Tosin Adarabioyo,2,DEF,45,1.0,90.0,200.0,0,0.0,0.0,0.0,2
Tosin Adarabioyo,3,DEF,45,1.0,30.0,90.0,1,0.9333333333333332,30.0,0.6666666666666666,8
Toti Gomes,1,DEF,45,-1.0,-300.0,-130.0,1,0.0,0.0,0.0,0
Toti Gomes,2,DEF,45,0.0,-100.0,50.0,0,2.5,90.0,0.0,-2
Toti Gomes,3,DEF,45,0.0,-10.0,-20.0,1,1.9333333333333336,76.0,-0.6666666666666666,3
Trai Hume,1,DEF,45,-1.0,-50.0,-50.0,1,0.0,0.0,0.0,6
Trai Hume,2,DEF,45,0.0,0.0,0.0,0,3.3,90.0,6.0,1
Trai Hume,3,DEF,45,-1.0,-240.0,-30.0,1,3.1,90.0,4.333333333333333,2
Travis Patterson,3,DEF,40,0.0,-80.0,10.0,1,0.0,0.0,0.0,0
Trevoh Chalobah,1,DEF,50,1.0,-40.0,90.0,1,0.0,0.0,0.0,6
Trevoh Chalobah,2,DEF,50,1.0,90.0,200.0,0,3.0,90.0,6.0,8
Trevoh Chalobah,3,DEF,50,1.0,30.0,90.0,1,4.633333333333333,82.66666666666667,6.666666666666666,13
Trey Nyoni,1,MID,45,2.0,90.0,220.0,1,0.0,0.0,0.0,0
Trey Nyoni,2,MID,45,1.0,90.0,250.0,0,0.0,0.0,0.0,0
Trey Nyoni,3,MID,44,1.0,-10.0,30.0,1,0.0,0.0,0.0,0
Triston Rowe,2,DEF,40,0.0,40.0,220.0,0,0.0,0.0,0.0,0
Triston Rowe,3,DEF,40,0.0,-80.0,10.0,1,0.0,0.0,0.0,0
Tyler Adams,1,MID,50,-2.0,-220.0,-90.0,0,0.0,0.0,0.0,4
Tyler Adams,2,MID,50,0.0,-50.0,100.0,1,2.7,90.0,4.0,2
Tyler Adams,3,MID,50,0.0,0.0,100.0,0,2.9000000000000004,89.0,3.3333333333333335,4
Tyler Dibling,3,MID,55,0.0,20.0,10.0,0,0.0,0.0,0.0,0
Tyler Fredricson,1,DEF,40,-1.0,-190.0,-250.0,1,0.0,0.0,0.0,0
Tyler Fredricson,2,DEF,40,0.0,-10.0,10.0,0,0.0,0.0,0.0,0
Tyler Fredricson,3,DEF,40,1.0,60.0,50.0,1,0.0,0.0,0.0,0
Tyler Morton,1,MID,45,2.0,90.0,220.0,1,0.0,0.0,0.0,0
Tyler Morton,2,MID,45,1.0,90.0,250.0,0,0.0,0.0,0.0,0
Tyler Morton,3,MID,45,1.0,-10.0,30.0,1,0.0,0.0,0.0,0
Tyler Onyango,2,MID,45,0.0,-70.0,-80.0,1,0.0,0.0,0.0,0
Tyler Onyango,3,MID,45,0.0,20.0,10.0,0,0.0,0.0,0.0,0
Tyrell Malacia,1,DEF,40,-1.0,-190.0,-250.0,1,0.0,0.0,0.0,0
Tyrell Malacia,2,DEF,40,0.0,-10.0,10.0,0,0.0,0.0,0.0,0
Tyrell Malacia,3,DEF,40,1.0,60.0,50.0,1,0.0,0.0,0.0,0
Tyrick Mitchell,1,DEF,50,-1.0,-90.0,40.0,0,0.0,0.0,0.0,9
Tyrick Mitchell,2,DEF,50,0.0,-60.0,-70.0,1,2.6,90.0,9.0,1
Tyrick Mitchell,3,DEF,50,0.0,-10.0,80.0,0,3.4000000000000004,90.0,6.333333333333334,6
Tyrique George,1,MID,50,1.0,-40.0,90.0,1,0.0,0.0,0.0,0
Tyrique George,2,MID,50,1.0,90.0,200.0,0,0.0,0.0,0.0,0
Tyrique George,3,MID,49,1.0,30.0,90.0,1,0.0,0.0,0.0,3
Tyrone Mings,1,DEF,45,-1.0,-210.0,-30.0,1,0.0,0.0,0.0,6
Tyrone Mings,2,DEF,45,0.0,40.0,220.0,0,1.7,90.0,6.0,2
Tyrone Mings,3,DEF,45,0.0,-80.0,10.0,1,2.6333333333333337,90.0,4.666666666666667,1
Viktor Gyökeres,1,FWD,90,1.0,250.0,190.0,0,0.0,0.0,0.0,1
Viktor Gyökeres,2,FWD,90,2.0,250.0,240.0,1,1.2,59.0,1.0,12
Viktor Gyökeres,3,FWD,90,-1.0,-30.0,10.0,0,4.566666666666666,69.33333333333334,4.666666666666667,1
Virgil van Dijk,1,DEF,60,2.0,90.0,220.0,1,0.0,0.0,0.0,3
Virgil van Dijk,2,DEF,60,1.0,90.0,250.0,0,7.5,90.0,3.0,3
Virgil van Dijk,3,DEF,60,1.0,-10.0,30.0,1,6.300000000000001,90.0,3.0,8
Vitalii Mykolenko,1,DEF,50,1.0,90.0,40.0,0,0.0,0.0,0.0,0
Vitalii Mykolenko,2,DEF,50,0.0,-70.0,-80.0,1,0.0,0.0,0.0,0
Vitalii Mykolenko,3,DEF,49,0.0,20.0,10.0,0,0.0,0.0,0.0,1
Vitaly Janelt,1,MID,50,0.0,-100.0,140.0,0,0.0,0.0,0.0,0
Vitaly Janelt,2,MID,50,0.0,-220.0,-40.0,1,0.0,0.0,0.0,0
Vitaly Janelt,3,MID,49,1.0,30.0,240.0,0,0.0,0.0,0.0,0
Vitor de Oliveira Nunes dos Reis,1,DEF,50,1.0,130.0,300.0,0,0.0,0.0,0.0,0
Vitor de Oliveira Nunes dos Reis,2,DEF,50,1.0,0.0,200.0,1,0.0,0.0,0.0,0
Vitor de Oliveira Nunes dos Reis,3,DEF,50,1.0,40.0,290.0,0,0.0,0.0,0.0,0
Václav Hladký,1,GK,40,-1.0,-110.0,-50.0,0,0.0,0.0,0.0,0
Václav Hladký,2,GK,40,0.0,0.0,0.0,1,0.0,0.0,0.0,0
Václav Hladký,3,GK,40,-1.0,-50.0,-60.0,0,0.0,0.0,0.0,0
Walter Benítez,1,GK,40,-1.0,-90.0,40.0,0,0.0,0.0,0.0,0
Walter Benítez,2,GK,40,0.0,-60.0,-70.0,1,0.0,0.0,0.0,0
Walter Benítez,3,GK,40,0.0,-10.0,80.0,0,0.0,0.0,0.0,0
Wes Foderingham,1,GK,40,1.0,50.0,50.0,0,0.0,0.0,0.0,0
Wes Foderingham,2,GK,40,-1.0,-200.0,-90.0,1,0.0,0.0,0.0,0
Wes Foderingham,3,GK,40,0.0,-80.0,-50.0,0,0.0,0.0,0.0,0
Wesley Fofana,1,DEF,45,1.0,-40.0,90.0,1,0.0,0.0,0.0,0
Wesley Fofana,2,DEF,45,1.0,90.0,200.0,0,0.0,0.0,0.0,1
Wesley Fofana,3,DEF,45,1.0,30.0,90.0,1,0.13333333333333333,7.0,0.3333333333333333,0
Wilfried Gnonto,1,MID,55,-1.0,-40.0,-90.0,1,0.0,0.0,0.0,3
Wilfried Gnonto,2,MID,55,-2.0,-240.0,-250.0,0,2.4,66.0,3.0,2
Wilfried Gnonto,3,MID,54,-2.0,-270.0,-120.0,1,1.9666666666666668,65.66666666666667,2.6666666666666665,0
Will Dennis,1,GK,40,-2.0,-220.0,-90.0,0,0.0,0.0,0.0,0
Will Dennis,2,GK,40,0.0,-50.0,100.0,1,0.0,0.0,0.0,0
Will Dennis,3,GK,40,0.0,0.0,100.0,0,0.0,0.0,0.0,0
Will Hughes,1,MID,50,-1.0,-90.0,40.0,0,0.0,0.0,0.0,2
Will Hughes,2,MID,50,0.0,-60.0,-70.0,1,1.5,69.0,2.0,1
Will Hughes,3,MID,50,0.0,-10.0,80.0,0,3.1333333333333333,76.0,1.6666666666666667,2
Will Lankshear,1,FWD,45,1.0,50.0,110.0,1,0.0,0.0,0.0,0
Will Lankshear,2,FWD,45,-1.0,-200.0,0.0,0,0.0,0.0,0.0,0
Will Lankshear,3,FWD,45,0.0,-100.0,0.0,1,0.0,0.0,0.0,0
William Osula,1,FWD,55,1.0,30.0,210.0,0,0.0,0.0,0.0,1
William Osula,2,FWD,55,-1.0,-250.0,-90.0,1,0.7,1.0,1.0,5
William Osula,3,FWD,55,2.0,120.0,270.0,0,2.0666666666666664,5.333333333333333,2.333333333333333,2
William Saliba,1,DEF,60,1.0,250.0,190.0,0,0.0,0.0,0.0,9
William Saliba,2,DEF,60,2.0,250.0,240.0,1,3.2,90.0,9.0,6
William Saliba,3,DEF,61,-1.0,-30.0,10.0,0,2.9000000000000004,90.0,8.0,1
Willy Boly,1,DEF,40,0.0,-140.0,100.0,1,0.0,0.0,0.0,0
Willy Boly,2,DEF,40,0.0,70.0,60.0,0,0.0,0.0,0.0,0
Willy Boly,3,DEF,40,0.0,50.0,80.0,1,0.0,0.0,0.0,0
Wilson Isidor,1,FWD,55,-1.0,-50.0,-50.0,1,0.0,0.0,0.0,5
Wilson Isidor,2,FWD,55,0.0,0.0,0.0,0,5.1,14.0,5.0,1
Wilson Isidor,3,FWD,55,-1.0,-240.0,-30.0,1,3.5333333333333337,18.333333333333336,3.6666666666666674,8
Wilson Odobert,1,MID,55,1.0,50.0,110.0,1,0.0,0.0,0.0,1
Wilson Odobert,2,MID,55,-1.0,-200.0,0.0,0,1.3,10.0,1.0,1
Wilson Odobert,3,MID,54,0.0,-100.0,0.0,1,1.6666666666666667,10.666666666666668,1.0,1
Yang Min-hyeok,1,MID,45,1.0,50.0,110.0,1,0.0,0.0,0.0,0
Yang Min-hyeok,2,MID,45,-1.0,-200.0,0.0,0,0.0,0.0,0.0,0
Yang Min-hyeok,3,MID,45,0.0,-100.0,0.0,1,0.0,0.0,0.0,0
Yankuba Minteh,1,MID,60,0.0,-30.0,80.0,1,0.0,0.0,0.0,3
Yankuba Minteh,2,MID,60,0.0,80.0,70.0,0,1.5,68.0,3.0,2
Yankuba Minteh,3,MID,59,-1.0,-290.0,-40.0,1,3.9333333333333336,75.33333333333334,2.6666666666666665,4
Yasin Ayari,1,MID,50,0.0,-30.0,80.0,1,0.0,0.0,0.0,3
Yasin Ayari,2,MID,50,0.0,80.0,70.0,0,1.2,90.0,3.0,2
Yasin Ayari,3,MID,50,-1.0,-290.0,-40.0,1,1.9,82.0,2.6666666666666665,1
Yasin Özcan,1,DEF,40,-1.0,-210.0,-30.0,1,0.0,0.0,0.0,0
Yasin Özcan,2,DEF,40,0.0,40.0,220.0,0,0.0,0.0,0.0,0
Yasin Özcan,3,DEF,40,0.0,-80.0,10.0,1,0.0,0.0,0.0,0
Yehor Yarmoliuk,1,MID,50,0.0,-100.0,140.0,0,0.0,0.0,0.0,2
Yehor Yarmoliuk,2,MID,50,0.0,-220.0,-40.0,1,2.1,90.0,2.0,5
Yehor Yarmoliuk,3,MID,50,1.0,30.0,240.0,0,2.2333333333333334,86.0,3.0,2
Yerson Mosquera Valdelamar,1,DEF,45,-1.0,-300.0,-130.0,1,0.0,0.0,0.0,0
Yerson Mosquera Valdelamar,2,DEF,45,0.0,-100.0,50.0,0,0.0,0.0,0.0,0
Yerson Mosquera Valdelamar,3,DEF,45,0.0,-10.0,-20.0,1,0.0,0.0,0.0,0
Yoane Wissa,1,FWD,75,0.0,-100.0,140.0,0,0.0,0.0,0.0,0
Yoane Wissa,2,FWD,75,0.0,-220.0,-40.0,1,0.0,0.0,0.0,0
Yoane Wissa,3,FWD,75,1.0,30.0,240.0,0,0.0,0.0,0.0,0
Youri Tielemans,1,MID,60,-1.0,-210.0,-30.0,1,0.0,0.0,0.0,3
Youri Tielemans,2,MID,60,0.0,40.0,220.0,0,0.5,90.0,3.0,2
Youri Tielemans,3,MID,60,0.0,-80.0,10.0,1,2.8000000000000003,90.0,2.6666666666666665,2
Youssef Ramalho Chermiti,1,FWD,50,1.0,90.0,40.0,0,0.0,0.0,0.0,0
Youssef Ramalho Chermiti,2,FWD,50,0.0,-70.0,-80.0,1,0.0,0.0,0.0,0
Youssef Ramalho Chermiti,3,FWD,50,0.0,20.0,10.0,0,0.0,0.0,0.0,0
Yunus Emre Konak,1,MID,45,0.0,-100.0,140.0,0,0.0,0.0,0.0,0
Yunus Emre Konak,2,MID,45,0.0,-220.0,-40.0,1,0.0,0.0,0.0,0
Yunus Emre Konak,3,MID,45,1.0,30.0,240.0,0,0.0,0.0,0.0,0
Yves Bissouma,1,MID,55,1.0,50.0,110.0,1,0.0,0.0,0.0,0
Yves Bissouma,2,MID,54,-1.0,-200.0,0.0,0,0.0,0.0,0.0,0
Yves Bissouma,3,MID,53,0.0,-100.0,0.0,1,0.0,0.0,0.0,0
Yéremy Pino Santos,3,MID,60,0.0,-10.0,80.0,0,0.0,0.0,0.0,1
Zach Abbott,1,DEF,40,0.0,-140.0,100.0,1,0.0,0.0,0.0,0
Zach Abbott,2,DEF,40,0.0,70.0,60.0,0,0.0,0.0,0.0,0
Zach Abbott,3,DEF,40,0.0,50.0,80.0,1,0.0,0.0,0.0,0
Zach Marsh,1,FWD,45,-1.0,-90.0,40.0,0,0.0,0.0,0.0,0
Zach Marsh,2,FWD,45,0.0,-60.0,-70.0,1,0.0,0.0,0.0,0
Zach Marsh,3,FWD,45,0.0,-10.0,80.0,0,0.0,0.0,0.0,0
Zain Silcott-Duberry,1,MID,45,-2.0,-220.0,-90.0,0,0.0,0.0,0.0,0
Zain Silcott-Duberry,2,MID,45,0.0,-50.0,100.0,1,0.0,0.0,0.0,0
Zain Silcott-Duberry,3,MID,45,0.0,0.0,100.0,0,0.0,0.0,0.0,0
Zak Johnson,1,DEF,40,-1.0,-50.0,-50.0,1,0.0,0.0,0.0,0
Zak Johnson,2,DEF,40,0.0,0.0,0.0,0,0.0,0.0,0.0,0
Zak Johnson,3,DEF,40,-1.0,-240.0,-30.0,1,0.0,0.0,0.0,0
Zeki Amdouni,1,FWD,50,-1.0,-110.0,-50.0,0,0.0,0.0,0.0,0
Zeki Amdouni,2,FWD,50,0.0,0.0,0.0,1,0.0,0.0,0.0,0
Zeki Amdouni,3,FWD,49,-1.0,-50.0,-60.0,0,0.0,0.0,0.0,0
Zian Flemming,1,FWD,55,-1.0,-110.0,-50.0,0,0.0,0.0,0.0,1
Zian Flemming,2,FWD,55,0.0,0.0,0.0,1,0.0,16.0,1.0,1
Zian Flemming,3,FWD,55,-1.0,-50.0,-60.0,0,0.4666666666666666,12.000000000000002,1.0,0
Zépiqueno Redmond,1,FWD,45,-1.0,-210.0,-30.0,1,0.0,0.0,0.0,0
Zépiqueno Redmond,2,FWD,45,0.0,40.0,220.0,0,0.0,0.0,0.0,0
Zépiqueno Redmond,3,FWD,45,0.0,-80.0,10.0,1,0.0,0.0,0.0,0
Álex Moreno Lopera,1,DEF,40,-1.0,-210.0,-30.0,1,0.0,0.0,0.0,0
Álex Moreno Lopera,2,DEF,40,0.0,40.0,220.0,0,0.0,0.0,0.0,0
Álex Moreno Lopera,3,DEF,40,0.0,-80.0,10.0,1,0.0,0.0,0.0,0
Ármin Pécsi,1,GK,40,2.0,90.0,220.0,1,0.0,0.0,0.0,0
Ármin Pécsi,2,GK,40,1.0,90.0,250.0,0,0.0,0.0,0.0,0
Ármin Pécsi,3,GK,40,1.0,-10.0,30.0,1,0.0,0.0,0.0,0
Đorđe Petrović,1,GK,45,-2.0,-220.0,-90.0,0,0.0,0.0,0.0,2
Đorđe Petrović,2,GK,45,0.0,-50.0,100.0,1,4.8,90.0,2.0,6
Đorđe Petrović,3,GK,45,0.0,0.0,100.0,0,3.566666666666667,90.0,3.3333333333333335,5
İlkay Gündoğan,1,MID,65,1.0,130.0,300.0,0,0.0,0.0,0.0,0
İlkay Gündoğan,2,MID,64,1.0,0.0,200.0,1,0.0,0.0,0.0,0
İlkay Gündoğan,3,MID,63,1.0,40.0,290.0,0,0.0,0.0,0.0,0
